                                       1                                        2                                        3                                        4                                        5                                        6                                        7                                        8                                        9                                       10                                       11 
                          version_number                                 compiler                                    build                         MESA_SDK_version                             math_backend                                     date                                burn_min1                                burn_min2                                     msun                                     rsun                                     lsun 
                               "r26.4.1"                               "gfortran"                                 "15.2.0"                    "x86_64-linux-26.6.1"                                 "CRMATH"                               "20260609"                  5.0000000000000000E+001                  1.0000000000000000E+003                  1.9884098706980504E+033                  6.9570000000000000E+010                  3.8280000000000003E+033 

                                       1                                        2                                        3                                        4                                        5                                        6                                        7                                        8                                        9                                       10                                       11                                       12                                       13                                       14                                       15                                       16                                       17                                       18                                       19                                       20                                       21                                       22                                       23                                       24                                       25                                       26                                       27                                       28                                       29                                       30                                       31                                       32                                       33                                       34                                       35                                       36                                       37                                       38                                       39                                       40                                       41                                       42                                       43                                       44                                       45                                       46                                       47                                       48                                       49                                       50                                       51                                       52                                       53                                       54                                       55                                       56                                       57                                       58                                       59                                       60 
                            model_number                                num_zones                                 star_age                                   log_dt                                star_mass                               log_xmstar                             log_abs_mdot                           mass_conv_core                             conv_mx1_top                             conv_mx1_bot                             conv_mx2_top                             conv_mx2_bot                                  mx1_top                                  mx1_bot                                  mx2_top                                  mx2_bot                       log_power_nuc_burn                           power_nuc_burn                                   log_LH                                  log_LHe                                   log_LZ                                 log_Lnuc                                     Lnuc                                       pp                                      cno                                tri_alpha                               epsnuc_M_1                               epsnuc_M_2                               epsnuc_M_3                               epsnuc_M_4                               epsnuc_M_5                               epsnuc_M_6                               epsnuc_M_7                               epsnuc_M_8                             he_core_mass                             co_core_mass                            one_core_mass                             fe_core_mass                   neutron_rich_core_mass                                 log_Teff                                    log_L                                    log_R                                    log_g                        v_div_csound_surf                               log_cntr_P                             log_cntr_Rho                               log_cntr_T                                center_mu                                center_ye                              center_abar                                center_h1                               center_he4                               center_c12                               center_o16                              surface_c12                              surface_o16                            total_mass_h1                           total_mass_he4                              num_retries                                num_iters 
                                       1                                      666                  1.0000000000000001E-005                 -4.9999999999999991E+000                  2.0000000000000000E+000                  3.3599535906024649E+001                 -9.8999999999999986E+001                  0.0000000000000000E+000                  9.9999999576399967E-001                  2.2865889092655172E-002                  0.0000000000000000E+000                  0.0000000000000000E+000                  9.9999999576399967E-001                  2.2865889092655172E-002                  0.0000000000000000E+000                  0.0000000000000000E+000                 -6.6848627860287060E+000                  2.0660328092506421E-007                 -6.6848627860287069E+000                 -9.8999999999999986E+001                 -2.2577249674798587E+001                 -6.6848627860287060E+000                  2.0660328092506421E-007                 -6.6848627860287460E+000                 -1.9724516374020162E+001                 -9.8999999999999986E+001                 -2.0000000000000000E+001                 -2.0000000000000000E+001                 -2.0000000000000000E+001                 -2.0000000000000000E+001                 -2.0000000000000000E+001                 -2.0000000000000000E+001                 -2.0000000000000000E+001                 -2.0000000000000000E+001                  0.0000000000000000E+000                  0.0000000000000000E+000                  0.0000000000000000E+000                  0.0000000000000000E+000                  0.0000000000000000E+000                  3.6976629174300601E+000                  1.1218134312859658E+000                  6.8823404164735913E-001                  3.3626295396723958E+000                  0.0000000000000000E+000                  1.3813676081995601E+001                 -8.1547981250347590E-001                  6.4965895850647630E+000                  6.1297506155044712E-001                  8.5824770319108312E-001                  1.2743228965333044E+000                  7.1649999999999991E-001                  2.6947131977607081E-001                  2.3838810482634597E-003                  6.5489967737205734E-003                  2.3838810482634575E-003                  6.5489967737205699E-003                  1.4330000000000003E+000                  5.3894263955214183E-001                                        0                                        4 
                                       5                                      662                  7.4416000000000014E-005                 -4.6832750158095005E+000                  2.0000000000000000E+000                  3.3599535906024649E+001                 -9.8999999999999986E+001                  0.0000000000000000E+000                  9.9999999685774976E-001                  2.3756272366508107E-002                  0.0000000000000000E+000                  0.0000000000000000E+000                  9.9999999685774976E-001                  2.3756272366508107E-002                  0.0000000000000000E+000                  0.0000000000000000E+000                 -6.6848209493929609E+000                  2.0662318447647977E-007                 -6.6848209493929609E+000                 -9.8999999999999986E+001                 -9.8999999999999986E+001                 -6.6848209493929609E+000                  2.0662318447647977E-007                 -6.6848209493930142E+000                 -1.9594643074382084E+001                 -9.8999999999999986E+001                 -2.0000000000000000E+001                 -2.0000000000000000E+001                 -2.0000000000000000E+001                 -2.0000000000000000E+001                 -2.0000000000000000E+001                 -2.0000000000000000E+001                 -2.0000000000000000E+001                 -2.0000000000000000E+001                  0.0000000000000000E+000                  0.0000000000000000E+000                  0.0000000000000000E+000                  0.0000000000000000E+000                  0.0000000000000000E+000                  3.6996248903129159E+000                  1.1296805815928748E+000                  6.8824367103510287E-001                  3.3626102808969085E+000                  0.0000000000000000E+000                  1.3813676082110740E+001                 -8.1547981241119949E-001                  6.4965895850877393E+000                  6.1297506155044057E-001                  8.5824770319108312E-001                  1.2743228965333044E+000                  7.1649999999999991E-001                  2.6947131977607081E-001                  2.3838810482634597E-003                  6.5489967737205734E-003                  2.3838810482634592E-003                  6.5489967737205734E-003                  1.4330000000000003E+000                  5.3894263955214183E-001                                        0                                        2 
                                      10                                      662                  2.5958682111999997E-004                 -4.2873687855713758E+000                  2.0000000000000000E+000                  3.3599535906024649E+001                 -9.8999999999999986E+001                  0.0000000000000000E+000                  9.9999999701399978E-001                  2.3610332703040787E-002                  0.0000000000000000E+000                  0.0000000000000000E+000                  9.9999999701399978E-001                  2.3610332703040787E-002                  0.0000000000000000E+000                  0.0000000000000000E+000                 -6.6847007827149252E+000                  2.0668036378242004E-007                 -6.6847007827149252E+000                 -9.8999999999999986E+001                 -2.2276219679134606E+001                 -6.6847007827149252E+000                  2.0668036378242004E-007                 -6.6847007827149811E+000                 -1.9574277224230812E+001                 -9.8999999999999986E+001                 -2.0000000000000000E+001                 -2.0000000000000000E+001                 -2.0000000000000000E+001                 -2.0000000000000000E+001                 -2.0000000000000000E+001                 -2.0000000000000000E+001                 -2.0000000000000000E+001                 -2.0000000000000000E+001                  0.0000000000000000E+000                  0.0000000000000000E+000                  0.0000000000000000E+000                  0.0000000000000000E+000                  0.0000000000000000E+000                  3.7002932935559625E+000                  1.1323624067658440E+000                  6.8824777713549357E-001                  3.3626020686961269E+000                  0.0000000000000000E+000                  1.3813676082506461E+001                 -8.1547981210695664E-001                  6.4965895851793256E+000                  6.1297506155040937E-001                  8.5824770319108312E-001                  1.2743228965333044E+000                  7.1649999999999991E-001                  2.6947131977607081E-001                  2.3838810482634597E-003                  6.5489967737205734E-003                  2.3838810482634592E-003                  6.5489967737205734E-003                  1.4330000000000003E+000                  5.3894263955214183E-001                                        0                                        2 
                                      15                                      662                  7.2035107872931814E-004                 -3.8914625553332525E+000                  2.0000000000000000E+000                  3.3599535906024649E+001                 -9.8999999999999986E+001                  0.0000000000000000E+000                  9.9999999701399978E-001                  2.3370570838773995E-002                  0.0000000000000000E+000                  0.0000000000000000E+000                  9.9999999701399978E-001                  2.3370570838773995E-002                  0.0000000000000000E+000                  0.0000000000000000E+000                 -6.6844023973349689E+000                  2.0682241391628558E-007                 -6.6844023973349689E+000                 -9.8999999999999986E+001                 -9.8999999999999986E+001                 -6.6844023973349689E+000                  2.0682241391628558E-007                 -6.6844023973350248E+000                 -1.9573983218230858E+001                 -9.8999999999999986E+001                 -2.0000000000000000E+001                 -2.0000000000000000E+001                 -2.0000000000000000E+001                 -2.0000000000000000E+001                 -2.0000000000000000E+001                 -2.0000000000000000E+001                 -2.0000000000000000E+001                 -2.0000000000000000E+001                  0.0000000000000000E+000                  0.0000000000000000E+000                  0.0000000000000000E+000                  0.0000000000000000E+000                  0.0000000000000000E+000                  3.7004656044027504E+000                  1.1330552689904407E+000                  6.8824958655421609E-001                  3.3625984498586821E+000                  0.0000000000000000E+000                  1.3813676083510146E+001                 -8.1547981133846681E-001                  6.4965895854147249E+000                  6.1297506155032888E-001                  8.5824770319108312E-001                  1.2743228965333044E+000                  7.1649999999999991E-001                  2.6947131977607081E-001                  2.3838810482634597E-003                  6.5489967737205734E-003                  2.3838810482634592E-003                  6.5489967737205734E-003                  1.4330000000000003E+000                  5.3894263955214183E-001                                        0                                        2 
                                      20                                      662                  1.8668799962237366E-003                 -3.4955563250951283E+000                  2.0000000000000000E+000                  3.3599535906024649E+001                 -9.8999999999999986E+001                  0.0000000000000000E+000                  9.9999999701399978E-001                  2.3103179912181165E-002                  0.0000000000000000E+000                  0.0000000000000000E+000                  9.9999999701399978E-001                  2.3103179912181165E-002                  0.0000000000000000E+000                  0.0000000000000000E+000                 -6.6836637769399667E+000                  2.0717446359251904E-007                 -6.6836637769399667E+000                 -9.8999999999999986E+001                 -9.8999999999999986E+001                 -6.6836637769399667E+000                  2.0717446359251904E-007                 -6.6836637769400227E+000                 -1.9573982994365892E+001                 -9.8999999999999986E+001                 -2.0000000000000000E+001                 -2.0000000000000000E+001                 -2.0000000000000000E+001                 -2.0000000000000000E+001                 -2.0000000000000000E+001                 -2.0000000000000000E+001                 -2.0000000000000000E+001                 -2.0000000000000000E+001                  0.0000000000000000E+000                  0.0000000000000000E+000                  0.0000000000000000E+000                  0.0000000000000000E+000                  0.0000000000000000E+000                  3.7005126779853330E+000                  1.1332451942010544E+000                  6.8825040199435883E-001                  3.3625968189783966E+000                  0.0000000000000000E+000                  1.3813676086005389E+001                 -8.1547980942758735E-001                  6.4965895859996019E+000                  6.1297506155012915E-001                  8.5824770319108312E-001                  1.2743228965333044E+000                  7.1649999999999991E-001                  2.6947131977607081E-001                  2.3838810482634597E-003                  6.5489967737205734E-003                  2.3838810482634592E-003                  6.5489967737205734E-003                  1.4330000000000003E+000                  5.3894263955214183E-001                                        0                                        2 
                                      25                                      662                  4.7198108322034473E-003                 -3.0996500948570040E+000                  2.0000000000000000E+000                  3.3599535906024649E+001                 -9.8999999999999986E+001                  0.0000000000000000E+000                  9.9999999701399978E-001                  2.2941241996342586E-002                  0.0000000000000000E+000                  0.0000000000000000E+000                  9.9999999701399978E-001                  2.2941241996342586E-002                  0.0000000000000000E+000                  0.0000000000000000E+000                 -6.6818492446807944E+000                  2.0804187311862825E-007                 -6.6818492446807944E+000                 -9.8999999999999986E+001                 -9.8999999999999986E+001                 -6.6818492446807944E+000                  2.0804187311862825E-007                 -6.6818492446808504E+000                 -1.9573982943123383E+001                 -9.8999999999999986E+001                 -2.0000000000000000E+001                 -2.0000000000000000E+001                 -2.0000000000000000E+001                 -2.0000000000000000E+001                 -2.0000000000000000E+001                 -2.0000000000000000E+001                 -2.0000000000000000E+001                 -2.0000000000000000E+001                  0.0000000000000000E+000                  0.0000000000000000E+000                  0.0000000000000000E+000                  0.0000000000000000E+000                  0.0000000000000000E+000                  3.7005238947636170E+000                  1.1332907379756578E+000                  6.8825074032509248E-001                  3.3625961423169293E+000                  0.0000000000000000E+000                  1.3813676092187338E+001                 -8.1547980468899495E-001                  6.4965895874443316E+000                  6.1297506154963655E-001                  8.5824770319108312E-001                  1.2743228965333044E+000                  7.1649999999999991E-001                  2.6947131977607081E-001                  2.3838810482634597E-003                  6.5489967737205734E-003                  2.3838810482634592E-003                  6.5489967737205734E-003                  1.4330000000000003E+000                  5.3894263955214183E-001                                        0                                        2 
                                      30                                      662                  1.1818815689988481E-002                 -2.7037438646188803E+000                  2.0000000000000000E+000                  3.3599535906024649E+001                 -9.8999999999999986E+001                  0.0000000000000000E+000                  9.9999999701399978E-001                  2.2884076226598573E-002                  0.0000000000000000E+000                  0.0000000000000000E+000                  9.9999999701399978E-001                  2.2884076226598573E-002                  0.0000000000000000E+000                  0.0000000000000000E+000                 -6.6774717449225127E+000                  2.1014944872426632E-007                 -6.6774717449225136E+000                 -9.8999999999999986E+001                 -2.2577249674798587E+001                 -6.6774717449225127E+000                  2.1014944872426632E-007                 -6.6774717449225687E+000                 -1.9573982816271240E+001                 -9.8999999999999986E+001                 -2.0000000000000000E+001                 -2.0000000000000000E+001                 -2.0000000000000000E+001                 -2.0000000000000000E+001                 -2.0000000000000000E+001                 -2.0000000000000000E+001                 -2.0000000000000000E+001                 -2.0000000000000000E+001                  0.0000000000000000E+000                  0.0000000000000000E+000                  0.0000000000000000E+000                  0.0000000000000000E+000                  0.0000000000000000E+000                  3.7005261334134150E+000                  1.1332999538799944E+000                  6.8825087097766435E-001                  3.3625958810117855E+000                  0.0000000000000000E+000                  1.3813676107521360E+001                 -8.1547979292718986E-001                  6.4965895910201255E+000                  6.1297506154842052E-001                  8.5824770319108312E-001                  1.2743228965333044E+000                  7.1649999999999991E-001                  2.6947131977607081E-001                  2.3838810482634597E-003                  6.5489967737205734E-003                  2.3838810482634592E-003                  6.5489967737205734E-003                  1.4330000000000003E+000                  5.3894263955214183E-001                                        0                                        2 
                                      35                                      662                  2.9483411457712130E-002                 -2.3078376343807561E+000                  2.0000000000000000E+000                  3.3599535906024649E+001                 -9.8999999999999986E+001                  0.0000000000000000E+000                  9.9999999701399978E-001                  2.2870757483062821E-002                  0.0000000000000000E+000                  0.0000000000000000E+000                  9.9999999701399978E-001                  2.2870757483062821E-002                  0.0000000000000000E+000                  0.0000000000000000E+000                 -6.6673386288849583E+000                  2.1511038180657193E-007                 -6.6673386288849583E+000                 -9.8999999999999986E+001                 -9.8999999999999986E+001                 -6.6673386288849583E+000                  2.1511038180657193E-007                 -6.6673386288850125E+000                 -1.9573982501839982E+001                 -9.8999999999999986E+001                 -2.0000000000000000E+001                 -2.0000000000000000E+001                 -2.0000000000000000E+001                 -2.0000000000000000E+001                 -2.0000000000000000E+001                 -2.0000000000000000E+001                 -2.0000000000000000E+001                 -2.0000000000000000E+001                  0.0000000000000000E+000                  0.0000000000000000E+000                  0.0000000000000000E+000                  0.0000000000000000E+000                  0.0000000000000000E+000                  3.7005265529227946E+000                  1.1333017277368300E+000                  6.8825091888732282E-001                  3.3625957851924682E+000                  0.0000000000000000E+000                  1.3813676145585291E+001                 -8.1547976371549669E-001                  6.4965895998815650E+000                  6.1297506154541115E-001                  8.5824770319108312E-001                  1.2743228965333044E+000                  7.1649999999999991E-001                  2.6947131977607081E-001                  2.3838810482634597E-003                  6.5489967737205734E-003                  2.3838810482634592E-003                  6.5489967737205734E-003                  1.4330000000000003E+000                  5.3894263955214183E-001                                        0                                        2 
                                      40                                      662                  7.3438578398454232E-002                 -1.9119314041426323E+000                  2.0000000000000000E+000                  3.3599535906024649E+001                 -9.8999999999999986E+001                  0.0000000000000000E+000                  9.9999999701399978E-001                  2.2867753042163572E-002                  0.0000000000000000E+000                  0.0000000000000000E+000                  9.9999999701399978E-001                  2.2867753042163572E-002                  0.0000000000000000E+000                  0.0000000000000000E+000                 -6.6458178231419129E+000                  2.2603837519959163E-007                 -6.6458178231419129E+000                 -9.8999999999999986E+001                 -9.8999999999999986E+001                 -6.6458178231419129E+000                  2.2603837519959163E-007                 -6.6458178231419645E+000                 -1.9573981722170529E+001                 -9.8999999999999986E+001                 -2.0000000000000000E+001                 -2.0000000000000000E+001                 -2.0000000000000000E+001                 -2.0000000000000000E+001                 -2.0000000000000000E+001                 -2.0000000000000000E+001                 -2.0000000000000000E+001                 -2.0000000000000000E+001                  0.0000000000000000E+000                  0.0000000000000000E+000                  0.0000000000000000E+000                  0.0000000000000000E+000                  0.0000000000000000E+000                  3.7005266447754304E+000                  1.1333021043751093E+000                  6.8825092350119166E-001                  3.3625957759647309E+000                  0.0000000000000000E+000                  1.3813676240092759E+001                 -8.1547969115264485E-001                  6.4965896218497639E+000                  6.1297506153796077E-001                  8.5824770319108312E-001                  1.2743228965333044E+000                  7.1649999999999991E-001                  2.6947131977607081E-001                  2.3838810482634597E-003                  6.5489967737205734E-003                  2.3838810482634592E-003                  6.5489967737205734E-003                  1.4330000000000003E+000                  5.3894263955214183E-001                                        0                                        2 
                                      45                                      662                  1.8281309940044158E-001                 -1.5160251739045081E+000                  2.0000000000000000E+000                  3.3599535906024649E+001                 -9.8999999999999986E+001                  0.0000000000000000E+000                  9.9999999701399978E-001                  2.2882130677037111E-002                  0.0000000000000000E+000                  0.0000000000000000E+000                  9.9999999701399978E-001                  2.2882130677037111E-002                  0.0000000000000000E+000                  0.0000000000000000E+000                 -6.6067609141754566E+000                  2.4730852419778722E-007                 -6.6067609141754566E+000                 -9.8999999999999986E+001                 -2.2276219679134606E+001                 -6.6067609141754566E+000                  2.4730852419778722E-007                 -6.6067609141755037E+000                 -1.9573979790827885E+001                 -9.8999999999999986E+001                 -2.0000000000000000E+001                 -2.0000000000000000E+001                 -2.0000000000000000E+001                 -2.0000000000000000E+001                 -2.0000000000000000E+001                 -2.0000000000000000E+001                 -2.0000000000000000E+001                 -2.0000000000000000E+001                  0.0000000000000000E+000                  0.0000000000000000E+000                  0.0000000000000000E+000                  0.0000000000000000E+000                  0.0000000000000000E+000                  3.7005266699674078E+000                  1.1333021177315885E+000                  6.8825087979547628E-001                  3.3625958633761615E+000                  0.0000000000000000E+000                  1.3813676474573132E+001                 -8.1547951100536831E-001                  6.4965896762438327E+000                  6.1297506151954928E-001                  8.5824770319108312E-001                  1.2743228965333044E+000                  7.1649999999999991E-001                  2.6947131977607081E-001                  2.3838810482634597E-003                  6.5489967737205734E-003                  2.3838810482634592E-003                  6.5489967737205734E-003                  1.4330000000000003E+000                  5.3894263955214183E-001                                        0                                        2 
                                      50                                      662                  4.5497190750010669E-001                 -1.1201189436663841E+000                  2.0000000000000000E+000                  3.3599535906024649E+001                 -9.8999999999999986E+001                  0.0000000000000000E+000                  9.9999999701399978E-001                  2.3346486882537733E-002                  0.0000000000000000E+000                  0.0000000000000000E+000                  9.9999999701399978E-001                  2.3346486882537733E-002                  0.0000000000000000E+000                  0.0000000000000000E+000                 -6.5513557652143026E+000                  2.8095983215921146E-007                 -6.5513557652143035E+000                 -9.8999999999999986E+001                 -2.2276219679134606E+001                 -6.5513557652143026E+000                  2.8095983215921146E-007                 -6.5513557652143444E+000                 -1.9573975016494810E+001                 -9.8999999999999986E+001                 -2.0000000000000000E+001                 -2.0000000000000000E+001                 -2.0000000000000000E+001                 -2.0000000000000000E+001                 -2.0000000000000000E+001                 -2.0000000000000000E+001                 -2.0000000000000000E+001                 -2.0000000000000000E+001                  0.0000000000000000E+000                  0.0000000000000000E+000                  0.0000000000000000E+000                  0.0000000000000000E+000                  0.0000000000000000E+000                  3.7005266829663284E+000                  1.1333018936628299E+000                  6.8825074176325507E-001                  3.3625961394406043E+000                  0.0000000000000000E+000                  1.3813677054758482E+001                 -8.1547906471532416E-001                  6.4965898103017459E+000                  6.1297506147434178E-001                  8.5824770319108312E-001                  1.2743228965333044E+000                  7.1649999999999991E-001                  2.6947131977607081E-001                  2.3838810482634597E-003                  6.5489967737205734E-003                  2.3838810482634592E-003                  6.5489967737205734E-003                  1.4330000000000003E+000                  5.3894263955214183E-001                                        0                                        2 
                                      55                                      662                  1.1321901128706655E+000                 -7.2421271342826010E-001                  2.0000000000000000E+000                  3.3599535906024649E+001                 -9.8999999999999986E+001                  0.0000000000000000E+000                  9.9999999701399978E-001                  2.4522303538297225E-002                  0.0000000000000000E+000                  0.0000000000000000E+000                  9.9999999701399978E-001                  2.4522303538297225E-002                  0.0000000000000000E+000                  0.0000000000000000E+000                 -6.4938871535346046E+000                  3.2071025452495109E-007                 -6.4938871535346046E+000                 -9.8999999999999986E+001                 -2.1975189683470624E+001                 -6.4938871535346046E+000                  3.2071025452495109E-007                 -6.4938871535346410E+000                 -1.9573963182608097E+001                 -9.8999999999999986E+001                 -2.0000000000000000E+001                 -2.0000000000000000E+001                 -2.0000000000000000E+001                 -2.0000000000000000E+001                 -2.0000000000000000E+001                 -2.0000000000000000E+001                 -2.0000000000000000E+001                 -2.0000000000000000E+001                  0.0000000000000000E+000                  0.0000000000000000E+000                  0.0000000000000000E+000                  0.0000000000000000E+000                  0.0000000000000000E+000                  3.7005267038918941E+000                  1.1333012597128140E+000                  6.8825038293711582E-001                  3.3625968570928824E+000                  0.0000000000000000E+000                  1.3813678490993077E+001                 -8.1547795869228912E-001                  6.4965901409427014E+000                  6.1297506136322955E-001                  8.5824770319108301E-001                  1.2743228965333044E+000                  7.1649999999999991E-001                  2.6947131977607081E-001                  2.3838810482634597E-003                  6.5489967737205734E-003                  2.3838810482634592E-003                  6.5489967737205734E-003                  1.4330000000000003E+000                  5.3894263955214183E-001                                        0                                        2 
                                      60                                      662                  2.8173257176583335E+000                 -3.2830648319013606E-001                  2.0000000000000000E+000                  3.3599535906024649E+001                 -9.8999999999999986E+001                  0.0000000000000000E+000                  9.9999999701399978E-001                  2.4522530921054372E-002                  0.0000000000000000E+000                  0.0000000000000000E+000                  9.9999999701399978E-001                  2.4522530921054372E-002                  0.0000000000000000E+000                  0.0000000000000000E+000                 -6.4433033629697514E+000                  3.6032685991766293E-007                 -6.4433033629697505E+000                 -9.8999999999999986E+001                 -9.8999999999999986E+001                 -6.4433033629697514E+000                  3.6032685991766293E-007                 -6.4433033629697833E+000                 -1.9573933758044205E+001                 -9.8999999999999986E+001                 -2.0000000000000000E+001                 -2.0000000000000000E+001                 -2.0000000000000000E+001                 -2.0000000000000000E+001                 -2.0000000000000000E+001                 -2.0000000000000000E+001                 -2.0000000000000000E+001                 -2.0000000000000000E+001                  0.0000000000000000E+000                  0.0000000000000000E+000                  0.0000000000000000E+000                  0.0000000000000000E+000                  0.0000000000000000E+000                  3.7005267531975305E+000                  1.1332996613298560E+000                  6.8824948513436424E-001                  3.3625986526983858E+000                  0.0000000000000000E+000                  1.3813682060676495E+001                 -8.1547520904104098E-001                  6.4965909620570406E+000                  6.1297506108751076E-001                  8.5824770319108346E-001                  1.2743228965333044E+000                  7.1649999999999991E-001                  2.6947131977607097E-001                  2.3838810482634597E-003                  6.5489967737205734E-003                  2.3838810482634592E-003                  6.5489967737205734E-003                  1.4330000000000003E+000                  5.3894263955214183E-001                                        0                                        2 
                                      65                                      662                  7.0104823457635828E+000                  6.7599747047987935E-002                  2.0000000000000000E+000                  3.3599535906024649E+001                 -9.8999999999999986E+001                  0.0000000000000000E+000                  9.9999999701399978E-001                  2.4523175432674391E-002                  0.0000000000000000E+000                  0.0000000000000000E+000                  9.9999999701399978E-001                  2.4523175432674391E-002                  0.0000000000000000E+000                  0.0000000000000000E+000                 -6.3893780281552663E+000                  4.0796412263208836E-007                 -6.3893780281552663E+000                 -9.8999999999999986E+001                 -9.8999999999999986E+001                 -6.3893780281552663E+000                  4.0796412263208836E-007                 -6.3893780281552948E+000                 -1.9573860543365775E+001                 -9.8999999999999986E+001                 -2.0000000000000000E+001                 -2.0000000000000000E+001                 -2.0000000000000000E+001                 -2.0000000000000000E+001                 -2.0000000000000000E+001                 -2.0000000000000000E+001                 -2.0000000000000000E+001                 -2.0000000000000000E+001                  0.0000000000000000E+000                  0.0000000000000000E+000                  0.0000000000000000E+000                  0.0000000000000000E+000                  0.0000000000000000E+000                  3.7005268756597647E+000                  1.1332956823396423E+000                  6.8824725071478909E-001                  3.3626031215375360E+000                  0.0000000000000000E+000                  1.3813690942733979E+001                 -8.1546836731285488E-001                  6.4965930050804443E+000                  6.1297506040151561E-001                  8.5824770319108279E-001                  1.2743228965333049E+000                  7.1649999999999947E-001                  2.6947131977607131E-001                  2.3838810482634588E-003                  6.5489967737205708E-003                  2.3838810482634592E-003                  6.5489967737205734E-003                  1.4330000000000003E+000                  5.3894263955214183E-001                                        0                                        2 
                                      70                                      662                  1.7444397846610435E+001                  4.6350597728611193E-001                  2.0000000000000000E+000                  3.3599535906024649E+001                 -9.8999999999999986E+001                  0.0000000000000000E+000                  9.9999999701399978E-001                  2.4524813117830252E-002                  0.0000000000000000E+000                  0.0000000000000000E+000                  9.9999999701399978E-001                  2.4524813117830252E-002                  0.0000000000000000E+000                  0.0000000000000000E+000                 -6.3362577546948122E+000                  4.6104386283512090E-007                 -6.3362577546948122E+000                 -9.8999999999999986E+001                 -9.8999999999999986E+001                 -6.3362577546948122E+000                  4.6104386283512090E-007                 -6.3362577546948371E+000                 -1.9573678367997086E+001                 -9.8999999999999986E+001                 -2.0000000000000000E+001                 -2.0000000000000000E+001                 -2.0000000000000000E+001                 -2.0000000000000000E+001                 -2.0000000000000000E+001                 -2.0000000000000000E+001                 -2.0000000000000000E+001                 -2.0000000000000000E+001                  0.0000000000000000E+000                  0.0000000000000000E+000                  0.0000000000000000E+000                  0.0000000000000000E+000                  0.0000000000000000E+000                  3.7005271799913562E+000                  1.1332857800776828E+000                  6.8824169092062581E-001                  3.3626142411258626E+000                  0.0000000000000000E+000                  1.3813713043581991E+001                 -8.1545134329042868E-001                  6.4965980886104848E+000                  6.1297505869462243E-001                  8.5824770319108279E-001                  1.2743228965333055E+000                  7.1649999999999869E-001                  2.6947131977607225E-001                  2.3838810482634588E-003                  6.5489967737205708E-003                  2.3838810482634592E-003                  6.5489967737205734E-003                  1.4330000000000003E+000                  5.3894263955214194E-001                                        0                                        2 
                                      75                                      662                  4.3407318465677669E+001                  8.5941220752423608E-001                  2.0000000000000000E+000                  3.3599535906024649E+001                 -9.8999999999999986E+001                  0.0000000000000000E+000                  9.9999999701399978E-001                  2.4529092138052717E-002                  0.0000000000000000E+000                  0.0000000000000000E+000                  9.9999999701399978E-001                  2.4529092138052717E-002                  0.0000000000000000E+000                  0.0000000000000000E+000                 -6.3125564533214682E+000                  4.8690422906445671E-007                 -6.3125564533214682E+000                 -9.8999999999999986E+001                 -9.8999999999999986E+001                 -6.3125564533214682E+000                  4.8690422906445671E-007                 -6.3125564533214922E+000                 -1.9573225095733783E+001                 -9.8999999999999986E+001                 -2.0000000000000000E+001                 -2.0000000000000000E+001                 -2.0000000000000000E+001                 -2.0000000000000000E+001                 -2.0000000000000000E+001                 -2.0000000000000000E+001                 -2.0000000000000000E+001                 -2.0000000000000000E+001                  0.0000000000000000E+000                  0.0000000000000000E+000                  0.0000000000000000E+000                  0.0000000000000000E+000                  0.0000000000000000E+000                  3.7005279380190950E+000                  1.1332611450222241E+000                  6.8822785733741854E-001                  3.3626419082922769E+000                  0.0000000000000000E+000                  1.3813768034137292E+001                 -8.1540898446992061E-001                  6.4966107370321291E+000                  6.1297505444783473E-001                  8.5824770319108212E-001                  1.2743228965333073E+000                  7.1649999999999658E-001                  2.6947131977607458E-001                  2.3838810482634588E-003                  6.5489967737205690E-003                  2.3838810482634592E-003                  6.5489967737205734E-003                  1.4330000000000003E+000                  5.3894263955214206E-001                                        0                                        2 
                                      80                                      662                  1.0801137310051504E+002                  1.2553184377623601E+000                  2.0000000000000000E+000                  3.3599535906024649E+001                 -9.8999999999999986E+001                  0.0000000000000000E+000                  9.9999999701399978E-001                  2.4540964926924435E-002                  0.0000000000000000E+000                  0.0000000000000000E+000                  9.9999999701399978E-001                  2.4540964926924435E-002                  0.0000000000000000E+000                  0.0000000000000000E+000                 -6.3095175770093679E+000                  4.9032317775619946E-007                 -6.3095175770093679E+000                 -9.8999999999999986E+001                 -9.8999999999999986E+001                 -6.3095175770093679E+000                  4.9032317775619946E-007                 -6.3095175770093919E+000                 -1.9572097446523880E+001                 -9.8999999999999986E+001                 -2.0000000000000000E+001                 -2.0000000000000000E+001                 -2.0000000000000000E+001                 -2.0000000000000000E+001                 -2.0000000000000000E+001                 -2.0000000000000000E+001                 -2.0000000000000000E+001                 -2.0000000000000000E+001                  0.0000000000000000E+000                  0.0000000000000000E+000                  0.0000000000000000E+000                  0.0000000000000000E+000                  0.0000000000000000E+000                  3.7005298226827392E+000                  1.1331998501674680E+000                  6.8819344058275289E-001                  3.3627107418016084E+000                  0.0000000000000000E+000                  1.3813904846989898E+001                 -8.1530359701620880E-001                  6.4966422039782392E+000                  6.1297504388362600E-001                  8.5824770319108046E-001                  1.2743228965333122E+000                  7.1649999999999159E-001                  2.6947131977608035E-001                  2.3838810482634588E-003                  6.5489967737205690E-003                  2.3838810482634588E-003                  6.5489967737205682E-003                  1.4329999999999989E+000                  5.3894263955214194E-001                                        0                                        3 
                                      85                                      662                  2.6876693432947360E+002                  1.6512246680004841E+000                  2.0000000000000000E+000                  3.3599535906024649E+001                 -9.8999999999999986E+001                  0.0000000000000000E+000                  9.9999999701399978E-001                  2.4577550009147252E-002                  0.0000000000000000E+000                  0.0000000000000000E+000                  9.9999999701399978E-001                  2.4577550009147252E-002                  0.0000000000000000E+000                  0.0000000000000000E+000                 -6.3083216148523249E+000                  4.9167529287151425E-007                 -6.3083216148523249E+000                 -9.8999999999999986E+001                 -9.8999999999999986E+001                 -6.3083216148523249E+000                  4.9167529287151425E-007                 -6.3083216148523489E+000                 -1.9569292957331349E+001                 -9.8999999999999986E+001                 -2.0000000000000000E+001                 -2.0000000000000000E+001                 -2.0000000000000000E+001                 -2.0000000000000000E+001                 -2.0000000000000000E+001                 -2.0000000000000000E+001                 -2.0000000000000000E+001                 -2.0000000000000000E+001                  0.0000000000000000E+000                  0.0000000000000000E+000                  0.0000000000000000E+000                  0.0000000000000000E+000                  0.0000000000000000E+000                  3.7005345094440081E+000                  1.1330473883449808E+000                  6.8810783614897164E-001                  3.3628819506691707E+000                  0.0000000000000000E+000                  1.3814245149441865E+001                 -8.1504145132730033E-001                  6.4967204642792806E+000                  6.1297501761606599E-001                  8.5824770319107702E-001                  1.2743228965333242E+000                  7.1649999999997860E-001                  2.6947131977609473E-001                  2.3838810482634579E-003                  6.5489967737205656E-003                  2.3838810482634588E-003                  6.5489967737205682E-003                  1.4329999999999976E+000                  5.3894263955214305E-001                                        0                                        3 
                                      90                                      662                  6.6877821244671566E+002                  2.0471308982386081E+000                  2.0000000000000000E+000                  3.3599535906024649E+001                 -9.8999999999999986E+001                  0.0000000000000000E+000                  9.9999999701399978E-001                  2.4705057285751526E-002                  0.0000000000000000E+000                  0.0000000000000000E+000                  9.9999999701399978E-001                  2.4705057285751526E-002                  0.0000000000000000E+000                  0.0000000000000000E+000                 -6.3054236263462098E+000                  4.9496714662383210E-007                 -6.3054236263462098E+000                 -9.8999999999999986E+001                 -2.1975189683470624E+001                 -6.3054236263462098E+000                  4.9496714662383210E-007                 -6.3054236263462347E+000                 -1.9562323467500807E+001                 -9.8999999999999986E+001                 -2.0000000000000000E+001                 -2.0000000000000000E+001                 -2.0000000000000000E+001                 -2.0000000000000000E+001                 -2.0000000000000000E+001                 -2.0000000000000000E+001                 -2.0000000000000000E+001                 -2.0000000000000000E+001                  0.0000000000000000E+000                  0.0000000000000000E+000                  0.0000000000000000E+000                  0.0000000000000000E+000                  0.0000000000000000E+000                  3.7005461464003209E+000                  1.1326683513564058E+000                  6.8789504374205745E-001                  3.3633075354829995E+000                  0.0000000000000000E+000                  1.3815091113808450E+001                 -8.1438971966180929E-001                  6.4969149555820369E+000                  6.1297495237534128E-001                  8.5824770319106791E-001                  1.2743228965333535E+000                  7.1649999999994718E-001                  2.6947131977613054E-001                  2.3838810482634579E-003                  6.5489967737205656E-003                  2.3838810482634588E-003                  6.5489967737205673E-003                  1.4329999999999932E+000                  5.3894263955214461E-001                                        0                                        3 
                                      95                                      662                  1.6641342760114112E+003                  2.4430371284767323E+000                  2.0000000000000000E+000                  3.3599535906024649E+001                 -9.8999999999999986E+001                  0.0000000000000000E+000                  9.9999999701399978E-001                  2.5173311837634521E-002                  0.0000000000000000E+000                  0.0000000000000000E+000                  9.9999999701399978E-001                  2.5173311837634521E-002                  0.0000000000000000E+000                  0.0000000000000000E+000                 -6.2982214015672113E+000                  5.0324399163436491E-007                 -6.2982214015672113E+000                 -9.8999999999999986E+001                 -2.1975189683470624E+001                 -6.2982214015672113E+000                  5.0324399163436491E-007                 -6.2982214015672362E+000                 -1.9545035827667736E+001                 -9.8999999999999986E+001                 -2.0000000000000000E+001                 -2.0000000000000000E+001                 -2.0000000000000000E+001                 -2.0000000000000000E+001                 -2.0000000000000000E+001                 -2.0000000000000000E+001                 -2.0000000000000000E+001                 -2.0000000000000000E+001                  0.0000000000000000E+000                  0.0000000000000000E+000                  0.0000000000000000E+000                  0.0000000000000000E+000                  0.0000000000000000E+000                  3.7005750151024976E+000                  1.1317275231714670E+000                  6.8736689224523462E-001                  3.3643638384766450E+000                  0.0000000000000000E+000                  1.3817191077010049E+001                 -8.1277154145006514E-001                  6.4973973900549762E+000                  6.1297479078675954E-001                  8.5824770319104526E-001                  1.2743228965334275E+000                  7.1649999999986735E-001                  2.6947131977622152E-001                  2.3838810482634579E-003                  6.5489967737205656E-003                  2.3838810482634588E-003                  6.5489967737205664E-003                  1.4329999999999827E+000                  5.3894263955214883E-001                                        0                                        3 
                                     100                                      662                  4.1408986761007136E+003                  2.8389433587148560E+000                  2.0000000000000000E+000                  3.3599535906024649E+001                 -9.8999999999999986E+001                  0.0000000000000000E+000                  9.9999999701399978E-001                  2.6774888982678359E-002                  0.0000000000000000E+000                  0.0000000000000000E+000                  9.9999999701399978E-001                  2.6774888982678359E-002                  0.0000000000000000E+000                  0.0000000000000000E+000                 -6.2803531013766456E+000                  5.2438094107453817E-007                 -6.2803531013766456E+000                 -9.8999999999999986E+001                 -9.8999999999999986E+001                 -6.2803531013766456E+000                  5.2438094107453817E-007                 -6.2803531013766714E+000                 -1.9502348936521425E+001                 -9.8999999999999986E+001                 -2.0000000000000000E+001                 -2.0000000000000000E+001                 -2.0000000000000000E+001                 -2.0000000000000000E+001                 -2.0000000000000000E+001                 -2.0000000000000000E+001                 -2.0000000000000000E+001                 -2.0000000000000000E+001                  0.0000000000000000E+000                  0.0000000000000000E+000                  0.0000000000000000E+000                  0.0000000000000000E+000                  0.0000000000000000E+000                  3.7006462407269161E+000                  1.1294004505110766E+000                  6.8606090466620262E-001                  3.3669758136347090E+000                  0.0000000000000000E+000                  1.3822385200368760E+001                 -8.0876685075877286E-001                  6.4985884752890293E+000                  6.1297439330080428E-001                  8.5824770319098731E-001                  1.2743228965336155E+000                  7.1649999999966407E-001                  2.6947131977645855E-001                  2.3838810482634579E-003                  6.5489967737205656E-003                  2.3838810482634588E-003                  6.5489967737205673E-003                  1.4329999999999572E+000                  5.3894263955215960E-001                                        0                                        3 
                                     105                                      662                  1.0303881068130926E+004                  3.2348495889529802E+000                  2.0000000000000000E+000                  3.3599535906024649E+001                 -9.8999999999999986E+001                  0.0000000000000000E+000                  9.9999999701399978E-001                  3.0178483474636725E-002                  0.0000000000000000E+000                  0.0000000000000000E+000                  9.9999999701399978E-001                  3.0178483474636725E-002                  0.0000000000000000E+000                  0.0000000000000000E+000                 -6.2362178996586719E+000                  5.8047310222210277E-007                 -6.2362178996586719E+000                 -9.8999999999999986E+001                 -9.8999999999999986E+001                 -6.2362178996586719E+000                  5.8047310222210277E-007                 -6.2362178996587012E+000                 -1.9398138535592299E+001                 -9.8999999999999986E+001                 -2.0000000000000000E+001                 -2.0000000000000000E+001                 -2.0000000000000000E+001                 -2.0000000000000000E+001                 -2.0000000000000000E+001                 -2.0000000000000000E+001                 -2.0000000000000000E+001                 -2.0000000000000000E+001                  0.0000000000000000E+000                  0.0000000000000000E+000                  0.0000000000000000E+000                  0.0000000000000000E+000                  0.0000000000000000E+000                  3.7008197283027191E+000                  1.1236946803129588E+000                  6.8286104441553819E-001                  3.3733755341360379E+000                  0.0000000000000000E+000                  1.3835121413244556E+001                 -7.9893428754712170E-001                  6.5014964421111685E+000                  6.1297343132343107E-001                  8.5824770319083532E-001                  1.2743228965341094E+000                  7.1649999999912517E-001                  2.6947131977711952E-001                  2.3838810482634575E-003                  6.5489967737205629E-003                  2.3838810482634588E-003                  6.5489967737205664E-003                  1.4329999999998861E+000                  5.3894263955219224E-001                                        0                                        3 
                                     110                                      662                  2.5639353413867542E+004                  3.6307558191911045E+000                  2.0000000000000000E+000                  3.3599535906024649E+001                 -9.8999999999999986E+001                  0.0000000000000000E+000                  9.9999999701399978E-001                  3.8706265232490961E-002                  0.0000000000000000E+000                  0.0000000000000000E+000                  9.9999999701399978E-001                  3.8706265232490961E-002                  0.0000000000000000E+000                  0.0000000000000000E+000                 -6.1283742999628963E+000                  7.4409039757111757E-007                 -6.1283742999628963E+000                 -9.8999999999999986E+001                 -9.8999999999999986E+001                 -6.1283742999628963E+000                  7.4409039757111757E-007                 -6.1283742999629371E+000                 -1.9150664879320097E+001                 -9.8999999999999986E+001                 -2.0000000000000000E+001                 -2.0000000000000000E+001                 -2.0000000000000000E+001                 -2.0000000000000000E+001                 -2.0000000000000000E+001                 -2.0000000000000000E+001                 -2.0000000000000000E+001                 -2.0000000000000000E+001                  0.0000000000000000E+000                  0.0000000000000000E+000                  0.0000000000000000E+000                  0.0000000000000000E+000                  0.0000000000000000E+000                  3.7012293739150586E+000                  1.1099942784222714E+000                  6.7519155224551552E-001                  3.3887145184760832E+000                  0.0000000000000000E+000                  1.3865715829891087E+001                 -7.7524209049798465E-001                  6.5084105142113531E+000                  6.1297118939483164E-001                  8.5824770319040455E-001                  1.2743228965355087E+000                  7.1649999999756186E-001                  2.6947131977928651E-001                  2.3838810482634579E-003                  6.5489967737205656E-003                  2.3838810482634588E-003                  6.5489967737205664E-003                  1.4329999999996836E+000                  5.3894263955229926E-001                                        0                                        4 
                                     115                                      664                  6.3798915961210878E+004                  4.0266620494292287E+000                  2.0000000000000000E+000                  3.3599535906024649E+001                 -9.8999999999999986E+001                  0.0000000000000000E+000                  9.9999999748274981E-001                  5.8558873980009550E-002                  0.0000000000000000E+000                  0.0000000000000000E+000                  9.9999999748274981E-001                  5.8558873980009550E-002                  0.0000000000000000E+000                  0.0000000000000000E+000                 -5.8716885434611248E+000                  1.3437282773723315E-006                 -5.8716885434611248E+000                 -9.8999999999999986E+001                 -9.8999999999999986E+001                 -5.8716885434611248E+000                  1.3437282773723315E-006                 -5.8716885434612065E+000                 -1.8598745477695189E+001                 -9.8999999999999986E+001                 -2.0000000000000000E+001                 -2.0000000000000000E+001                 -2.0000000000000000E+001                 -2.0000000000000000E+001                 -2.0000000000000000E+001                 -2.0000000000000000E+001                 -2.0000000000000000E+001                 -2.0000000000000000E+001                  0.0000000000000000E+000                  0.0000000000000000E+000                  0.0000000000000000E+000                  0.0000000000000000E+000                  0.0000000000000000E+000                  3.7021248364718540E+000                  1.0786057680757875E+000                  6.5770637195868298E-001                  3.4236848790497483E+000                  0.0000000000000000E+000                  1.3935921877004651E+001                 -7.2048325657767631E-001                  6.5238927257213613E+000                  6.1296637377842300E-001                  8.5824770318895760E-001                  1.2743228965402080E+000                  7.1649999999194480E-001                  2.6947131978949818E-001                  2.3838810482634575E-003                  6.5489967737205629E-003                  2.3838810482634588E-003                  6.5489967737205664E-003                  1.4329999999989644E+000                  5.3894263955283239E-001                                        0                                        4 
                                     120                                      670                  1.5875211863901626E+005                  4.4225682796673524E+000                  2.0000000000000000E+000                  3.3599535906024649E+001                 -9.8999999999999986E+001                  0.0000000000000000E+000                  9.9999999795149985E-001                  1.0831766223709631E-001                  0.0000000000000000E+000                  0.0000000000000000E+000                  9.9999999795149985E-001                  1.0831766223709631E-001                  0.0000000000000000E+000                  0.0000000000000000E+000                 -5.3011380517756264E+000                  4.9987561127917915E-006                 -5.3011380517756264E+000                 -9.8999999999999986E+001                 -9.8999999999999986E+001                 -5.3011380517756264E+000                  4.9987561127917915E-006                 -5.3011380517758946E+000                 -1.7510850419332758E+001                 -9.8999999999999986E+001                 -2.0000000000000000E+001                 -2.0000000000000000E+001                 -2.0000000000000000E+001                 -2.0000000000000000E+001                 -2.0000000000000000E+001                 -2.0000000000000000E+001                 -2.0000000000000000E+001                 -2.0000000000000000E+001                  0.0000000000000000E+000                  0.0000000000000000E+000                  0.0000000000000000E+000                  0.0000000000000000E+000                  0.0000000000000000E+000                  3.7039856233003645E+000                  1.0140349324043096E+000                  6.2169938046592255E-001                  3.4956988620352689E+000                  0.0000000000000000E+000                  1.4083425926194828E+001                 -6.0372403563581578E-001                  6.5547431673311971E+000                  6.1295742838374578E-001                  8.5824770318217969E-001                  1.2743228965622218E+000                  7.1649999995949021E-001                  2.6947131988645884E-001                  2.3838810482634571E-003                  6.5489967737205612E-003                  2.3838810482634588E-003                  6.5489967737205664E-003                  1.4329999999949965E+000                  5.3894263955850452E-001                                        0                                        5 
                                     125                                      675                  3.9502607192625280E+005                  4.8184745099054762E+000                  2.0000000000000000E+000                  3.3599535906024649E+001                 -9.8999999999999986E+001                  0.0000000000000000E+000                  9.9999999857649990E-001                  2.2162774482469422E-001                  0.0000000000000000E+000                  0.0000000000000000E+000                  9.9999999857649990E-001                  2.2162774482469422E-001                  0.0000000000000000E+000                  0.0000000000000000E+000                 -4.2584869593777208E+000                  5.5145876086391537E-005                 -4.2584869593777208E+000                 -9.8999999999999986E+001                 -2.0169009709486737E+001                 -4.2584869593777208E+000                  5.5145876086391537E-005                 -4.2584869593792005E+000                 -1.5726127644337934E+001                 -9.8999999999999986E+001                 -2.0000000000000000E+001                 -2.0000000000000000E+001                 -2.0000000000000000E+001                 -2.0000000000000000E+001                 -2.0000000000000000E+001                 -2.0000000000000000E+001                 -2.0000000000000000E+001                 -2.0000000000000000E+001                  0.0000000000000000E+000                  0.0000000000000000E+000                  0.0000000000000000E+000                  0.0000000000000000E+000                  0.0000000000000000E+000                  3.7071233102830288E+000                  9.0213300895339088E-001                  5.5947304477513449E-001                  3.6201515334168448E+000                  0.0000000000000000E+000                  1.4354658532579489E+001                 -3.8413692268433930E-001                  6.6066589217814107E+000                  6.1294366999593097E-001                  8.5824770312892529E-001                  1.2743228967351807E+000                  7.1649999952271648E-001                  2.6947132210255059E-001                  2.3838810482634579E-003                  6.5489967737205629E-003                  2.3838810482634588E-003                  6.5489967737205664E-003                  1.4329999999450727E+000                  5.3894263972946954E-001                                        0                                        5 
                                     130                                      682                  7.8021377256368450E+005                  4.9147537287414362E+000                  2.0000000000000000E+000                  3.3599535906024649E+001                 -9.8999999999999986E+001                  0.0000000000000000E+000                  9.9999999913899995E-001                  3.9119475595497011E-001                  0.0000000000000000E+000                  0.0000000000000000E+000                  9.9999999913899995E-001                  3.9119475595497011E-001                  0.0000000000000000E+000                  0.0000000000000000E+000                 -3.5716287161442533E+000                  2.6814597591175767E-004                 -3.5716287161442533E+000                 -9.8999999999999986E+001                 -9.8999999999999986E+001                 -3.5716287161442533E+000                  2.6814597591175767E-004                 -3.5716287161638887E+000                 -1.3916367571325360E+001                 -9.8999999999999986E+001                 -2.0000000000000000E+001                 -2.0000000000000000E+001                 -2.0000000000000000E+001                 -2.0000000000000000E+001                 -2.0000000000000000E+001                 -2.0000000000000000E+001                 -2.0000000000000000E+001                 -2.0000000000000000E+001                  0.0000000000000000E+000                  0.0000000000000000E+000                  0.0000000000000000E+000                  0.0000000000000000E+000                  0.0000000000000000E+000                  3.7113030764671091E+000                  7.9517665327623976E-001                  4.9763533456839848E-001                  3.7438269538303173E+000                  0.0000000000000000E+000                  1.4666189087613875E+001                 -1.2705380640292510E-001                  6.6614548625916941E+000                  6.1293049072247507E-001                  8.5824770279606588E-001                  1.2743228978162406E+000                  7.1649999759845540E-001                  2.6947132950801067E-001                  2.3838810482634492E-003                  6.5489967737205612E-003                  2.3838810482634588E-003                  6.5489967737205647E-003                  1.4329999995124514E+000                  5.3894264164075811E-001                                        0                                        5 
                                     135                                      692                  1.3069650125032899E+006                  5.0767395823152750E+000                  2.0000000000000000E+000                  3.3599535906024649E+001                 -9.8999999999999986E+001                  0.0000000000000000E+000                  9.9999999942024997E-001                  5.5896931265230398E-001                  0.0000000000000000E+000                  0.0000000000000000E+000                  9.9999999942024997E-001                  5.5896931265230398E-001                  0.0000000000000000E+000                  0.0000000000000000E+000                 -3.4909840433119643E+000                  3.2286127440347566E-004                 -3.4909840433119643E+000                 -9.8999999999999986E+001                 -9.8999999999999986E+001                 -3.4909840433119643E+000                  3.2286127440347566E-004                 -3.4909840441659750E+000                 -1.2197305217513492E+001                 -9.8999999999999986E+001                 -2.0000000000000000E+001                 -2.0000000000000000E+001                 -2.0000000000000000E+001                 -2.0000000000000000E+001                 -2.0000000000000000E+001                 -2.0000000000000000E+001                 -2.0000000000000000E+001                 -2.0000000000000000E+001                  0.0000000000000000E+000                  0.0000000000000000E+000                  0.0000000000000000E+000                  0.0000000000000000E+000                  0.0000000000000000E+000                  3.7174584212375890E+000                  7.2282944175366404E-001                  4.4915103926615096E-001                  3.8407955444348123E+000                  0.0000000000000000E+000                  1.4983795325435549E+001                  1.3612485082806966E-001                  6.7161835779200807E+000                  6.1291799115823509E-001                  8.5824770102756232E-001                  1.2743229035599501E+000                  7.1649999226686534E-001                  2.6947132971703786E-001                  2.3838810482626647E-003                  6.5489967737199705E-003                  2.3838810482634588E-003                  6.5489967737205638E-003                  1.4329999980106594E+000                  5.3894264522683111E-001                                        0                                        5 
                                     140                                      694                  2.0132031404608977E+006                  5.2418897024365645E+000                  2.0000000000000000E+000                  3.3599535906024649E+001                 -9.8999999999999986E+001                  0.0000000000000000E+000                  9.9999999960774999E-001                  7.2456775620113500E-001                  0.0000000000000000E+000                  0.0000000000000000E+000                  9.9999999960774999E-001                  7.2456775620113500E-001                  0.0000000000000000E+000                  0.0000000000000000E+000                 -3.2064687974333692E+000                  6.2162890804977431E-004                 -3.2064687974333692E+000                 -9.8999999999999986E+001                 -9.8999999999999986E+001                 -3.2064687974333692E+000                  6.2162890804977431E-004                 -3.2064688302373057E+000                 -1.0328327158544617E+001                 -9.8999999999999986E+001                 -2.0000000000000000E+001                 -2.0000000000000000E+001                 -2.0000000000000000E+001                 -2.0000000000000000E+001                 -2.0000000000000000E+001                 -2.0000000000000000E+001                 -2.0000000000000000E+001                 -2.0000000000000000E+001                  0.0000000000000000E+000                  0.0000000000000000E+000                  0.0000000000000000E+000                  0.0000000000000000E+000                  0.0000000000000000E+000                  3.7284496183131903E+000                  7.0501409927914194E-001                  4.1826097387768696E-001                  3.9025756752117404E+000                  0.0000000000000000E+000                  1.5332149943476931E+001                  4.2161988259318478E-001                  6.7792290031932332E+000                  6.1290501615055970E-001                  8.5824769095715270E-001                  1.2743229362665820E+000                  7.1649996205566446E-001                  2.6947132971707732E-001                  2.3838810482080947E-003                  6.5489967737199705E-003                  2.3838810482634588E-003                  6.5489967737205638E-003                  1.4329999916986955E+000                  5.3894264874042708E-001                                        0                                        5 
                                     145                                      698                  2.7438489735968704E+006                  5.2158344285175593E+000                  2.0000000000000000E+000                  3.3599535906024649E+001                 -9.8999999999999986E+001                  0.0000000000000000E+000                  9.9999999970150000E-001                  8.6831422277619996E-001                  0.0000000000000000E+000                  0.0000000000000000E+000                  9.9999999970150000E-001                  8.6831422277619996E-001                  0.0000000000000000E+000                  0.0000000000000000E+000                 -2.6859005261198452E+000                  2.0611019485784689E-003                 -2.6859005261198448E+000                 -9.8999999999999986E+001                 -9.8999999999999986E+001                 -2.6859005261198452E+000                  2.0611019485784689E-003                 -2.6859012298743519E+000                 -8.4762640000818887E+000                 -9.8999999999999986E+001                 -2.0000000000000000E+001                 -2.0000000000000000E+001                 -2.0000000000000000E+001                 -2.0000000000000000E+001                 -2.0000000000000000E+001                 -2.0000000000000000E+001                 -2.0000000000000000E+001                 -2.0000000000000000E+001                  0.0000000000000000E+000                  0.0000000000000000E+000                  0.0000000000000000E+000                  0.0000000000000000E+000                  0.0000000000000000E+000                  3.7442086438771489E+000                  7.7014204572503187E-001                  4.1930689597271470E-001                  3.9004838310216852E+000                  0.0000000000000000E+000                  1.5666831527922565E+001                  6.8988753274274861E-001                  6.8456256236816841E+000                  6.1289492961273018E-001                  8.5824764715280577E-001                  1.2743230785329878E+000                  7.1649983064420963E-001                  2.6947132971899118E-001                  2.3838810443532412E-003                  6.5489967737199619E-003                  2.3838810482634588E-003                  6.5489967737205621E-003                  1.4329999665848379E+000                  5.3894265132565877E-001                                        0                                        5 
                                     150                                      700                  3.5292687331588934E+006                  5.1301588266630311E+000                  2.0000000000000000E+000                  3.3599535906024649E+001                 -9.8999999999999986E+001                  0.0000000000000000E+000                  9.9999999979525001E-001                  9.7945240951825674E-001                  0.0000000000000000E+000                  0.0000000000000000E+000                  9.9999999979525001E-001                  9.7945240951825674E-001                  0.0000000000000000E+000                  0.0000000000000000E+000                 -1.9604026768087244E+000                  1.0954620153455668E-002                 -1.9604026768087268E+000                 -9.8999999999999986E+001                 -1.6192568020107895E+001                 -1.9604026768087244E+000                  1.0954620153455668E-002                 -1.9604280243250569E+000                 -6.1942642502837932E+000                 -9.8999999999999986E+001                 -2.0000000000000000E+001                 -2.0000000000000000E+001                 -2.0000000000000000E+001                 -2.0000000000000000E+001                 -2.0000000000000000E+001                 -2.0000000000000000E+001                 -2.0000000000000000E+001                 -2.0000000000000000E+001                  0.0000000000000000E+000                  0.0000000000000000E+000                  0.0000000000000000E+000                  0.0000000000000000E+000                  0.0000000000000000E+000                  3.7697795101824854E+000                  9.7302002986735003E-001                  4.6960415543320122E-001                  3.7998893121007118E+000                  0.0000000000000000E+000                  1.6054052266677242E+001                  9.8905757618682444E-001                  6.9333591867546946E+000                  6.1288646757530640E-001                  8.5824741167064333E-001                  1.2743238431692039E+000                  7.1649912440064933E-001                  2.6947132992046219E-001                  2.3838804171944800E-003                  6.5489967737150179E-003                  2.3838810482634588E-003                  6.5489967737205638E-003                  1.4329998340332391E+000                  5.3894265369319228E-001                                        0                                        5 
                                     155                                      701                  4.1464512396946168E+006                  5.0682044808282907E+000                  2.0000000000000000E+000                  3.3599535906024649E+001                 -9.8999999999999986E+001                  0.0000000000000000E+000                  9.9999999988900001E-001                  9.9946110720896342E-001                  0.0000000000000000E+000                  0.0000000000000000E+000                  9.9999999988900001E-001                  9.9946110720896342E-001                  0.0000000000000000E+000                  0.0000000000000000E+000                 -1.2566249643784060E+000                  5.5382816187656128E-002                 -1.2566249643787957E+000                 -5.3951400660559273E+001                 -1.3303614801688305E+001                 -1.2566249643784060E+000                  5.5382816187656128E-002                 -1.2573939956880840E+000                 -4.0088497131610552E+000                 -5.3951400660559273E+001                 -2.0000000000000000E+001                 -2.0000000000000000E+001                 -2.0000000000000000E+001                 -2.0000000000000000E+001                 -2.0000000000000000E+001                 -2.0000000000000000E+001                 -2.0000000000000000E+001                 -2.0000000000000000E+001                  0.0000000000000000E+000                  0.0000000000000000E+000                  0.0000000000000000E+000                  0.0000000000000000E+000                  0.0000000000000000E+000                  3.7996772720598488E+000                  1.1629378159761459E+000                  5.0476752473287267E-001                  3.7295625735013687E+000                  0.0000000000000000E+000                  1.6411129848934042E+001                  1.2557399689026012E+000                  7.0232060109656755E+000                  6.1288183780709782E-001                  8.5824646057742737E-001                  1.2743269152072176E+000                  7.1649629202140597E-001                  2.6947134863062394E-001                  2.3838080711142177E-003                  6.5489967739600346E-003                  2.3838810482634588E-003                  6.5489967737205638E-003                  1.4329992869299024E+000                  5.3894265646094131E-001                                        0                                        6 
                                     160                                      758                  4.6458006423235824E+006                  4.9320356158232892E+000                  2.0000000000000000E+000                  3.3599535906024649E+001                 -9.8999999999999986E+001                  0.0000000000000000E+000                  9.9999999997650002E-001                  9.9999997535051921E-001                  0.0000000000000000E+000                  0.0000000000000000E+000                  9.9999999997650002E-001                  9.9999997535051921E-001                  0.0000000000000000E+000                  0.0000000000000000E+000                 -5.8374801980288693E-001                  2.6076660942742247E-001                 -5.8374801983294866E-001                 -4.8799711307942104E+001                 -1.0743518644092941E+001                 -5.8374801980288693E-001                  2.6076660942742247E-001                 -5.9860624547278130E-001                 -2.0569733142146176E+000                 -4.8799711307942104E+001                 -2.0000000000000000E+001                 -2.0000000000000000E+001                 -2.0000000000000000E+001                 -2.0000000000000000E+001                 -2.0000000000000000E+001                 -2.0000000000000000E+001                 -2.0000000000000000E+001                 -2.0000000000000000E+001                  0.0000000000000000E+000                  0.0000000000000000E+000                  0.0000000000000000E+000                  0.0000000000000000E+000                  0.0000000000000000E+000                  3.8508727480055103E+000                  1.3034152165093398E+000                  4.7261527310814694E-001                  3.7938670767508205E+000                  0.0000000000000000E+000                  1.6732329400807913E+001                  1.4904801374043057E+000                  7.1089954139351645E+000                  6.1288297590054464E-001                  8.5824270777887912E-001                  1.2743379352180846E+000                  7.1648646859303156E-001                  2.6947266582046964E-001                  2.3788607844508450E-003                  6.5489967300496115E-003                  2.3838810482634584E-003                  6.5489967737205638E-003                  1.4329973002639740E+000                  5.3894272005511890E-001                                        0                                        6 
                                     165                                      781                  5.0079090023999447E+006                  4.8340240432539048E+000                  2.0000000000000000E+000                  3.3599535906024649E+001                 -9.8999999999999986E+001                  0.0000000000000000E+000                  9.9999999685775065E-001                  9.9999999094927206E-001                  1.0000000000000000E+000                  9.9999999974290954E-001                  9.9999999685775065E-001                  9.9999999094927206E-001                  1.0000000000000000E+000                  9.9999999974290954E-001                  1.3166242911983084E-001                  1.3541364523102555E+000                  1.3166242866125258E-001                 -4.4968506313388289E+001                 -8.8447084362998662E+000                  1.3166242911983084E-001                  1.3541364523102555E+000                  4.1649483780367459E-002                 -5.9604631673448660E-001                 -4.4968506313388289E+001                 -2.0000000000000000E+001                 -2.0000000000000000E+001                 -2.0000000000000000E+001                 -2.0000000000000000E+001                 -2.0000000000000000E+001                 -2.0000000000000000E+001                 -2.0000000000000000E+001                 -2.0000000000000000E+001                  0.0000000000000000E+000                  0.0000000000000000E+000                  0.0000000000000000E+000                  0.0000000000000000E+000                  0.0000000000000000E+000                  3.9043222154681185E+000                  1.3920322964089993E+000                  4.1002487813275995E-001                  3.9190478667015944E+000                  0.0000000000000000E+000                  1.6967289272383358E+001                  1.6552007996814164E+000                  7.1786506645078560E+000                  6.1289440720292843E-001                  8.5822441711568143E-001                  1.2743753929681185E+000                  7.1646024157941957E-001                  2.6949353401589177E-001                  2.2578921365962418E-003                  6.5489871777726473E-003                  2.3838810482634588E-003                  6.5489967737205621E-003                  1.4329925424868646E+000                  5.3894405123719780E-001                                        0                                        5 
                                     170                                      828                  5.4093448933613030E+006                  4.9641043653482262E+000                  2.0000000000000000E+000                  3.3599535906024649E+001                 -9.8999999999999986E+001                  1.1391367682957294E-001                  5.6778490534975301E-002                  7.8132211067324930E-008                  9.9999999842025089E-001                  9.9999999581053056E-001                  5.6778490534975301E-002                  7.8132211067324930E-008                  9.9999999842025089E-001                  9.9999999581053056E-001                  1.0881663959233614E+000                  1.2250854895582375E+001                  1.0881663917640767E+000                 -4.1017241489193296E+001                 -6.9305992866498123E+000                  1.0881663959233614E+000                  1.2250854895582375E+001                  5.6231003433896098E-001                  9.3453432815341808E-001                 -4.1017241489193296E+001                  0.0000000000000000E+000                 -2.0000000000000000E+001                 -2.0000000000000000E+001                  2.5772664006643068E+032                 -2.0000000000000000E+001                 -2.0000000000000000E+001                 -2.0000000000000000E+001                 -2.0000000000000000E+001                  0.0000000000000000E+000                  0.0000000000000000E+000                  0.0000000000000000E+000                  0.0000000000000000E+000                  0.0000000000000000E+000                  3.9496514157403437E+000                  1.4167562582451858E+000                  3.3172845850640248E-001                  4.0756407059543092E+000                  0.0000000000000000E+000                  1.7119173139433073E+001                  1.7250580449232955E+000                  7.2602892900481031E+000                  6.1297132212979777E-001                  8.5813919049416165E-001                  1.2746106654636626E+000                  7.1631176356039794E-001                  2.6953422065032057E-001                  1.3977342496243120E-003                  6.5488006445150139E-003                  2.3838810482634588E-003                  6.5489967737205621E-003                  1.4329634697037430E+000                  5.3895489225042048E-001                                        0                                        5 
                                     175                                      851                  6.2314965449445574E+006                  5.3600105955863508E+000                  2.0000000000000000E+000                  3.3599535906024649E+001                 -9.8999999999999986E+001                  3.4149525067925562E-001                  1.6700284506104796E-001                  7.8132211622436443E-008                  9.9999999915462612E-001                  9.9999999776780946E-001                  1.6700284506104796E-001                  7.8132211622436443E-008                  9.9999999915462612E-001                  9.9999999776780946E-001                  1.1344542791705206E+000                  1.3628695210666518E+001                  1.1344542608826917E+000                 -3.9685883239606930E+001                 -6.2411678930546755E+000                  1.1344542791705206E+000                  1.3628695210666518E+001                  6.6990716445451803E-001                  9.5193671125194801E-001                 -3.9685883239606930E+001                  0.0000000000000000E+000                 -2.0000000000000000E+001                 -2.0000000000000000E+001                  2.7049713543033179E+032                 -2.0000000000000000E+001                 -2.0000000000000000E+001                 -2.0000000000000000E+001                 -2.0000000000000000E+001                  0.0000000000000000E+000                  0.0000000000000000E+000                  0.0000000000000000E+000                  0.0000000000000000E+000                  0.0000000000000000E+000                  3.9536865804472225E+000                  1.2621249732662350E+000                  2.4634248660316976E-001                  4.2464126497607744E+000                  0.0000000000000000E+000                  1.7140507433935550E+001                  1.7179086711039595E+000                  7.2887235946234519E+000                  6.1310572256738516E-001                  8.5801800057593447E-001                  1.2750067711023951E+000                  7.1605223680098185E-001                  2.6960323273146070E-001                  3.3030574341947992E-004                  6.5479033005355911E-003                  2.3838810482634588E-003                  6.5489967737205621E-003                  1.4328208602428054E+000                  5.3899486385677664E-001                                        0                                        5 
                                     180                                      851                  8.0737616609292720E+006                  5.6812899825894814E+000                  2.0000000000000000E+000                  3.3599535906024649E+001                 -9.8999999999999986E+001                  2.1108511859520379E-001                  1.0031575524144692E-001                  7.8132210734258023E-008                  9.9999999952571883E-001                  9.9999999874168821E-001                  1.0031575524144692E-001                  7.8132210734258023E-008                  9.9999999952571883E-001                  9.9999999874168821E-001                  1.2610574215351569E+000                  1.8241368700514784E+001                  1.2610572657820658E+000                 -3.7585005194771711E+001                 -5.1842902933815953E+000                  1.2610574215351569E+000                  1.8241368700514784E+001                  9.9004664545209198E-001                  9.2777778700479896E-001                 -3.7585005194771711E+001                  0.0000000000000000E+000                 -2.0000000000000000E+001                 -2.0000000000000000E+001                  3.6374061796470967E+032                 -2.0000000000000000E+001                 -2.0000000000000000E+001                 -2.0000000000000000E+001                 -2.0000000000000000E+001                  0.0000000000000000E+000                  0.0000000000000000E+000                  0.0000000000000000E+000                  0.0000000000000000E+000                  0.0000000000000000E+000                  3.9843604627962712E+000                  1.2766961944430779E+000                  1.9228033249349230E-001                  4.3545369579801294E+000                  0.0000000000000000E+000                  1.7303622941274252E+001                  1.8389762647861125E+000                  7.3301728883581987E+000                  6.1281314234553774E-001                  8.5758994489093743E-001                  1.2760829499621285E+000                  7.1519093470778150E-001                  2.7041006436092446E-001                  2.0927159436960865E-005                  6.5156698701492356E-003                  2.3838810482634588E-003                  6.5489967737205621E-003                  1.4325284340102684E+000                  5.3923233690960426E-001                                        0                                        5 
                                     185                                      841                  1.2360604389167968E+007                  6.0771962128276060E+000                  2.0000000000000000E+000                  3.3599535906024649E+001                 -9.8999999999999986E+001                  2.7526007322334889E-001                  1.3153286666078956E-001                  7.8132210789769174E-008                  9.9999999956868757E-001                  9.9999999883487245E-001                  1.3153286666078956E-001                  7.8132210789769174E-008                  9.9999999956868757E-001                  9.9999999883487245E-001                  1.2603956040210045E+000                  1.8213592010029025E+001                  1.2603954234672361E+000                 -3.7450020947008369E+001                 -5.1207822404360774E+000                  1.2603956040210045E+000                  1.8213592010029025E+001                  1.0035370885649113E+000                  9.1018708400411352E-001                 -3.7450020947008369E+001                  0.0000000000000000E+000                 -2.0000000000000000E+001                 -2.0000000000000000E+001                  3.6711466211880444E+032                 -2.0000000000000000E+001                 -2.0000000000000000E+001                 -2.0000000000000000E+001                 -2.0000000000000000E+001                  0.0000000000000000E+000                  0.0000000000000000E+000                  0.0000000000000000E+000                  0.0000000000000000E+000                  0.0000000000000000E+000                  3.9836066420959306E+000                  1.2609476239205386E+000                  1.8591368863290514E-001                  4.3672702457013033E+000                  0.0000000000000000E+000                  1.7304445206364068E+001                  1.8374848009270657E+000                  7.3330222255818622E+000                  6.1359459298140062E-001                  8.5656932993166113E-001                  1.2785762447455546E+000                  7.1315483494890364E-001                  2.7244172564425245E-001                  2.1066376616562414E-005                  6.4270253278450977E-003                  2.3838810482634588E-003                  6.5489967737205621E-003                  1.4317387876930014E+000                  5.3995795594057017E-001                                        0                                        5 
                                     190                                      843                  2.3027640886698879E+007                  6.4731024430657298E+000                  2.0000000000000000E+000                  3.3599535906024649E+001                 -9.8999999999999986E+001                  2.9485789291699538E-001                  1.4111924004945264E-001                  7.8132210789769174E-008                  9.9999999956868757E-001                  9.9999999883570267E-001                  1.4111924004945264E-001                  7.8132210789769174E-008                  9.9999999956868757E-001                  9.9999999883570267E-001                  1.2618757770767186E+000                  1.8275773923734679E+001                  1.2618755876006955E+000                 -3.7373558457337403E+001                 -5.0983543684238857E+000                  1.2618757770767186E+000                  1.8275773923734679E+001                  1.0069491022741206E+000                  9.0926015672173188E-001                 -3.7373558457337403E+001                  0.0000000000000000E+000                 -2.0000000000000000E+001                 -2.0000000000000000E+001                  3.6891261520615046E+032                 -2.0000000000000000E+001                 -2.0000000000000000E+001                 -2.0000000000000000E+001                 -2.0000000000000000E+001                  0.0000000000000000E+000                  0.0000000000000000E+000                  0.0000000000000000E+000                  0.0000000000000000E+000                  0.0000000000000000E+000                  3.9834696601252153E+000                  1.2616263271614148E+000                  1.8652700419477286E-001                  4.3660436145775687E+000                  0.0000000000000000E+000                  1.7304288335006685E+001                  1.8377895920079219E+000                  7.3342213167970325E+000                  6.1595684505945059E-001                  8.5396605376916923E-001                  1.2849802717194660E+000                  7.0795916891520705E-001                  2.7763289238375843E-001                  2.1399071686509786E-005                  6.2033400236273673E-003                  2.3838810482634588E-003                  6.5489967737205621E-003                  1.4297907194935124E+000                  5.4184224275232884E-001                                        0                                        5 
                                     195                                      843                  4.9570641144234970E+007                  6.8690086733038536E+000                  2.0000000000000000E+000                  3.3599535906024649E+001                 -9.8999999999999986E+001                  2.9876437110428183E-001                  1.4754930365662233E-001                  7.8132210789769174E-008                  9.9999999954915630E-001                  9.9999999880054680E-001                  1.4754930365662233E-001                  7.8132210789769174E-008                  9.9999999954915630E-001                  9.9999999880054680E-001                  1.2658162753533198E+000                  1.8442350659168554E+001                  1.2658160861386263E+000                 -3.7284586044363820E+001                 -5.0950132724286359E+000                  1.2658162753533198E+000                  1.8442350659168554E+001                  9.9734452778180049E-001                  9.2958753103460334E-001                 -3.7284586044363820E+001                  0.0000000000000000E+000                 -2.0000000000000000E+001                 -2.0000000000000000E+001                  3.6864636929069508E+032                 -2.0000000000000000E+001                 -2.0000000000000000E+001                 -2.0000000000000000E+001                 -2.0000000000000000E+001                  0.0000000000000000E+000                  0.0000000000000000E+000                  0.0000000000000000E+000                  0.0000000000000000E+000                  0.0000000000000000E+000                  3.9820506843541255E+000                  1.2654019342096683E+000                  1.9125275926108043E-001                  4.3565921044449532E+000                  0.0000000000000000E+000                  1.7299911816231290E+001                  1.8369885063183973E+000                  7.3350300162640121E+000                  6.2221428052007266E-001                  8.4733401570269840E-001                  1.3015908192069925E+000                  6.9471114914085641E-001                  2.9089937166454932E-001                  2.2883667073111732E-005                  5.6758681013823241E-003                  2.3838810482634588E-003                  6.5489967737205621E-003                  1.4249293874611757E+000                  5.4664082695178373E-001                                        0                                        5 
                                     200                                      846                  1.1561811954506715E+008                  7.2649149035419782E+000                  2.0000000000000000E+000                  3.3599535906024649E+001                 -9.8999999999999986E+001                  3.0176211123636371E-001                  1.5077911046742554E-001                  7.8132210789769174E-008                  9.9999999951400009E-001                  9.9999999868117528E-001                  1.5077911046742554E-001                  7.8132210789769174E-008                  9.9999999951400009E-001                  9.9999999868117528E-001                  1.2756699657847770E+000                  1.8865571493269478E+001                  1.2756697883742989E+000                 -3.7125393203374720E+001                 -5.1131351680750035E+000                  1.2756699657847770E+000                  1.8865571493269478E+001                  9.6276538899365860E-001                  9.8619815066245353E-001                 -3.7125393203374720E+001                  0.0000000000000000E+000                 -2.0000000000000000E+001                 -2.0000000000000000E+001                  3.6392684700583420E+032                 -2.0000000000000000E+001                 -2.0000000000000000E+001                 -2.0000000000000000E+001                 -2.0000000000000000E+001                  0.0000000000000000E+000                  0.0000000000000000E+000                  0.0000000000000000E+000                  0.0000000000000000E+000                  0.0000000000000000E+000                  3.9776793443485463E+000                  1.2752834209802724E+000                  2.0493618265754140E-001                  4.3292252576520314E+000                  0.0000000000000000E+000                  1.7286157990803051E+001                  1.8333696037317904E+000                  7.3359830401682968E+000                  6.3826916395378508E-001                  8.3093106930947669E-001                  1.3445953392221563E+000                  6.6191233791477655E-001                  3.2380539892552995E-001                  2.7676489455882539E-005                  4.6629124702986984E-003                  2.3838810482634588E-003                  6.5489967737205621E-003                  1.4126347462441284E+000                  5.5888915234910885E-001                                        0                                        5 
                                     205                                      859                  2.2539336241802785E+008                  7.2777173571061651E+000                  2.0000000000000000E+000                  3.3599535906024649E+001                 -9.8999999999999986E+001                  2.8912905431027769E-001                  1.4111924004945237E-001                  7.8132210512213418E-008                  9.9999999941243778E-001                  9.9999999839744480E-001                  1.4111924004945237E-001                  7.8132210512213418E-008                  9.9999999941243778E-001                  9.9999999839744480E-001                  1.2934929091448000E+000                  1.9655898875475561E+001                  1.2934927423018563E+000                 -3.6807667707430127E+001                 -5.1219836415833653E+000                  1.2934929091448000E+000                  1.9655898875475561E+001                  8.9989397844206165E-001                  1.0687255319009532E+000                 -3.6807667707430127E+001                  0.0000000000000000E+000                 -2.0000000000000000E+001                 -2.0000000000000000E+001                  3.5904691603532808E+032                 -2.0000000000000000E+001                 -2.0000000000000000E+001                 -2.0000000000000000E+001                 -2.0000000000000000E+001                  0.0000000000000000E+000                  0.0000000000000000E+000                  0.0000000000000000E+000                  0.0000000000000000E+000                  0.0000000000000000E+000                  3.9699396871063715E+000                  1.2930752892456092E+000                  2.2931143127455858E-001                  4.2804747604179969E+000                  0.0000000000000000E+000                  1.7266125698970143E+001                  1.8317112810142131E+000                  7.3388614602158171E+000                  6.7025052398147222E-001                  8.0055298153017440E-001                  1.4322706987937195E+000                  6.0114824096779729E-001                  3.8475837430416088E-001                  3.5533579000584863E-005                  3.3703333261355379E-003                  2.3838810482634588E-003                  6.5489967737205621E-003                  1.3914772371582371E+000                  5.8002881690391195E-001                                        0                                        5 
                                     210                                      870                  3.1171111776388234E+008                  7.2157559683912895E+000                  2.0000000000000000E+000                  3.3599535906024649E+001                 -9.8999999999999986E+001                  2.8205926389069774E-001                  1.3791204935331525E-001                  7.8132210512213418E-008                  9.9999999929525041E-001                  9.9999999809402473E-001                  1.3791204935331525E-001                  7.8132210512213418E-008                  9.9999999929525041E-001                  9.9999999809402473E-001                  1.3086370618926930E+000                  2.0353404411673807E+001                  1.3086368952363443E+000                 -3.6504779215327780E+001                 -5.1073254698856632E+000                  1.3086370618926930E+000                  2.0353404411673807E+001                  8.4618590968479301E-001                  1.1250203839319175E+000                 -3.6504779215327780E+001                  0.0000000000000000E+000                 -2.0000000000000000E+001                 -2.0000000000000000E+001                  3.5126636454299879E+032                 -2.0000000000000000E+001                 -2.0000000000000000E+001                 -2.0000000000000000E+001                 -2.0000000000000000E+001                  0.0000000000000000E+000                  0.0000000000000000E+000                  0.0000000000000000E+000                  0.0000000000000000E+000                  0.0000000000000000E+000                  3.9633381657655202E+000                  1.3082190643393281E+000                  2.5008636150312075E-001                  4.2389248999608728E+000                  0.0000000000000000E+000                  1.7253156548766391E+001                  1.8345355350187442E+000                  7.3424431507076466E+000                  7.0082729001271826E-001                  7.7405195051751863E-001                  1.5186832702495170E+000                  5.4813723822094962E-001                  4.3789577297487059E-001                  4.0960254298881365E-005                  2.5950936151961060E-003                  2.3838810482634588E-003                  6.5489967737205621E-003                  1.3741750056199917E+000                  5.9732351646749504E-001                                        0                                        5 
                                     215                                      877                  3.8983211196867985E+008                  7.1762912751716730E+000                  2.0000000000000000E+000                  3.3599535906024649E+001                 -9.8999999999999986E+001                  2.7182882243679996E-001                  1.3472245800705224E-001                  7.8132210512213418E-008                  9.9999999915462545E-001                  9.9999999774089465E-001                  1.3472245800705224E-001                  7.8132210512213418E-008                  9.9999999915462545E-001                  9.9999999774089465E-001                  1.3230349473348300E+000                  2.1039477359716823E+001                  1.3230347757766379E+000                 -3.6191922676859605E+001                 -5.0803379892280986E+000                  1.3230349473348300E+000                  2.1039477359716823E+001                  7.9064932580849268E-001                  1.1721442647277878E+000                 -3.6191922676859605E+001                  0.0000000000000000E+000                 -2.0000000000000000E+001                 -2.0000000000000000E+001                  3.3888950655965316E+032                 -2.0000000000000000E+001                 -2.0000000000000000E+001                 -2.0000000000000000E+001                 -2.0000000000000000E+001                  0.0000000000000000E+000                  0.0000000000000000E+000                  0.0000000000000000E+000                  0.0000000000000000E+000                  0.0000000000000000E+000                  3.9566484346153907E+000                  1.3226021999462465E+000                  2.7065739160683888E-001                  4.1977828397534367E+000                  0.0000000000000000E+000                  1.7243112448207079E+001                  1.8401507526408734E+000                  7.3466691259792150E+000                  7.3371593591068474E-001                  7.4803469439125070E-001                  1.6143167019745983E+000                  4.9609582237694994E-001                  4.9003024507722825E-001                  4.5268684953722051E-005                  2.0340437653566749E-003                  2.3838810482634588E-003                  6.5489967737205621E-003                  1.3579510128313597E+000                  6.1353853178853224E-001                                        0                                        5 
                                     220                                      876                  4.6092665874569809E+008                  7.1358103719911892E+000                  2.0000000000000000E+000                  3.3599535906024649E+001                 -9.8999999999999986E+001                  2.5894543115787855E-001                  1.2519293873145293E-001                  7.8132210290168813E-008                  9.9999999901400016E-001                  9.9999999731045663E-001                  1.2519293873145293E-001                  7.8132210290168813E-008                  9.9999999901400016E-001                  9.9999999731045663E-001                  1.3363483393164162E+000                  2.1694434763816080E+001                  1.3363481593687905E+000                 -3.5867668746871630E+001                 -5.0462899408439768E+000                  1.3363483393164162E+000                  2.1694434763816080E+001                  7.2842613022311575E-001                  1.2133459829479096E+000                 -3.5867668746871630E+001                  0.0000000000000000E+000                 -2.0000000000000000E+001                 -2.0000000000000000E+001                  3.1772042196620570E+032                 -2.0000000000000000E+001                 -2.0000000000000000E+001                 -2.0000000000000000E+001                 -2.0000000000000000E+001                  0.0000000000000000E+000                  0.0000000000000000E+000                  0.0000000000000000E+000                  0.0000000000000000E+000                  0.0000000000000000E+000                  3.9495618620877861E+000                  1.3358900311496091E+000                  2.9147445226372909E-001                  4.1561487184396562E+000                  0.0000000000000000E+000                  1.7235127245857996E+001                  1.8483192997150109E+000                  7.3514333917137895E+000                  7.6995076623234249E-001                  7.2191149448460590E-001                  1.7232882508511380E+000                  4.4384444491771763E-001                  5.4235186465732010E-001                  4.8896760824419160E-005                  1.6068080505800746E-003                  2.3838810482634588E-003                  6.5489967737205621E-003                  1.3426905259891202E+000                  6.2878713176448642E-001                                        0                                        5 
                                     225                                      878                  5.2594536903252721E+008                  7.0963299582436878E+000                  2.0000000000000000E+000                  3.3599535906024649E+001                 -9.8999999999999986E+001                  2.4287565759528043E-001                  1.1889656177367819E-001                  7.8132210401191116E-008                  9.9999999877181289E-001                  9.9999999677990137E-001                  1.1889656177367819E-001                  7.8132210401191116E-008                  9.9999999877181289E-001                  9.9999999677990137E-001                  1.3484941025169175E+000                  2.2309719118899331E+001                  1.3484939113608596E+000                 -3.5531864716659982E+001                 -5.0079022390008063E+000                  1.3484941025169175E+000                  2.2309719118899331E+001                  6.5689180946563885E-001                  1.2497222247573136E+000                 -3.5531864716659982E+001                  0.0000000000000000E+000                  0.0000000000000000E+000                  2.4816861406543120E+030                  3.0524327214034982E+032                 -2.0000000000000000E+001                 -2.0000000000000000E+001                 -2.0000000000000000E+001                 -2.0000000000000000E+001                  0.0000000000000000E+000                  0.0000000000000000E+000                  0.0000000000000000E+000                  0.0000000000000000E+000                  0.0000000000000000E+000                  3.9419057136369391E+000                  1.3479925261569534E+000                  3.1283799666909606E-001                  4.1134216296289221E+000                  0.0000000000000000E+000                  1.7228883322091985E+001                  1.8589227541559035E+000                  7.3566958484526292E+000                  8.1027584354801729E-001                  6.9567933102095658E-001                  1.8486057364636088E+000                  3.9137667415971988E-001                  5.9487260768005712E-001                  5.2048230141200510E-005                  1.2784301646849357E-003                  2.3838810482634588E-003                  6.5489967737205621E-003                  1.3283059059133571E+000                  6.4315713361352611E-001                                        0                                        5 
                                     230                                      876                  5.8497755338526273E+008                  7.0571395390835150E+000                  2.0000000000000000E+000                  3.3599535906024649E+001                 -9.8999999999999986E+001                  2.2942326951456365E-001                  1.1264829282975691E-001                  7.8132210401191116E-008                  9.9999999857650046E-001                  9.9999999611783041E-001                  1.1264829282975691E-001                  7.8132210401191116E-008                  9.9999999857650046E-001                  9.9999999611783041E-001                  1.3591585585023398E+000                  2.2864334151462138E+001                  1.3591583539462335E+000                 -3.5186398824160008E+001                 -4.9678134068179780E+000                  1.3591585585023398E+000                  2.2864334151462138E+001                  5.7586659509957505E-001                  1.2809979482655778E+000                 -3.5186398824160008E+001                  0.0000000000000000E+000                  0.0000000000000000E+000                  7.5310628769491503E+030                  2.8781084170929567E+032                 -2.0000000000000000E+001                 -2.0000000000000000E+001                 -2.0000000000000000E+001                 -2.0000000000000000E+001                  0.0000000000000000E+000                  0.0000000000000000E+000                  0.0000000000000000E+000                  0.0000000000000000E+000                  0.0000000000000000E+000                  3.9336493400518462E+000                  1.3586127559319783E+000                  3.3466085872679424E-001                  4.0697759055135254E+000                  0.0000000000000000E+000                  1.7224332350363635E+001                  1.8718801650009183E+000                  7.3623956925555003E+000                  8.5482461227378437E-001                  6.6957655239463210E-001                  1.9928174832613919E+000                  3.3916879726970306E-001                  6.4712007506965741E-001                  5.4813812529284644E-005                  1.0273375651325219E-003                  2.3838810482634588E-003                  6.5489967737205621E-003                  1.3148896001934443E+000                  6.5655670298399349E-001                                        0                                        5 
                                     235                                      883                  6.3891631071583998E+008                  7.0166869040559590E+000                  2.0000000000000000E+000                  3.3599535906024649E+001                 -9.8999999999999986E+001                  2.1526187975237460E-001                  1.0645297321819336E-001                  7.8132211122836082E-008                  9.9999999826400132E-001                  9.9999999527010153E-001                  1.0645297321819336E-001                  7.8132211122836082E-008                  9.9999999826400132E-001                  9.9999999527010153E-001                  1.3683160769907308E+000                  2.3351569575959527E+001                  1.3683158566941673E+000                 -3.4822093945650771E+001                 -4.9264606222183112E+000                  1.3683160769907308E+000                  2.3351569575959527E+001                  4.8261693856594901E-001                  1.3077816301560783E+000                 -3.4822093945650771E+001                  0.0000000000000000E+000                  0.0000000000000000E+000                  1.1958831520064941E+031                  2.7094342887218987E+032                 -2.0000000000000000E+001                 -2.0000000000000000E+001                 -2.0000000000000000E+001                 -2.0000000000000000E+001                  0.0000000000000000E+000                  0.0000000000000000E+000                  0.0000000000000000E+000                  0.0000000000000000E+000                  0.0000000000000000E+000                  3.9246185519366303E+000                  1.3677100160892199E+000                  3.5727106503584588E-001                  4.0245554928954226E+000                  0.0000000000000000E+000                  1.7221666924386561E+001                  1.8876789372067635E+000                  7.3686732506564692E+000                  9.0510249401341936E-001                  6.4332784462072756E-001                  2.1624648565016105E+000                  2.8666981262975860E-001                  6.9964899888796250E-001                  5.7387356621456952E-005                  8.3343292873754580E-004                  2.3838810482634588E-003                  6.5489967737205621E-003                  1.3023418103935829E+000                  6.6908602210521817E-001                                        0                                        5 
                                     240                                      885                  6.8786484929076064E+008                  6.9746095687157350E+000                  2.0000000000000000E+000                  3.3599535906024649E+001                 -9.8999999999999986E+001                  2.0043330905139836E-001                  9.7278944017438029E-002                  7.8132211511414140E-008                  9.9999999783431448E-001                  9.9999999418958507E-001                  9.7278944017438029E-002                  7.8132211511414140E-008                  9.9999999783431448E-001                  9.9999999418958507E-001                  1.3757928263908115E+000                  2.3757067213381486E+001                  1.3757925878683224E+000                 -3.4431879223975677E+001                 -4.8844622713770516E+000                  1.3757928263908115E+000                  2.3757067213381486E+001                  3.7737948636486340E-001                  1.3298584167882288E+000                 -3.4431879223975677E+001                  0.0000000000000000E+000                  0.0000000000000000E+000                  1.7107550432392963E+031                  2.5401439886999083E+032                 -2.0000000000000000E+001                 -2.0000000000000000E+001                 -2.0000000000000000E+001                 -2.0000000000000000E+001                  0.0000000000000000E+000                  0.0000000000000000E+000                  0.0000000000000000E+000                  0.0000000000000000E+000                  0.0000000000000000E+000                  3.9149061658048510E+000                  1.3751265362700755E+000                  3.8040409738983322E-001                  3.9782894281874479E+000                  0.0000000000000000E+000                  1.7221625607473900E+001                  1.9068884071539509E+000                  7.3756778602260162E+000                  9.6164587813306102E-001                  6.1712614573455427E-001                  2.3632980761884164E+000                  2.3426535805535464E-001                  7.5207593681118456E-001                  5.9870161477814282E-005                  6.8521454718448833E-004                  2.3838810482634588E-003                  6.5489967737205621E-003                  1.2907313901693738E+000                  6.8067695835135866E-001                                        0                                        5 
                                     245                                      889                  7.3280954014764714E+008                  6.9372937712587648E+000                  2.0000000000000000E+000                  3.3599535906024649E+001                 -9.8999999999999986E+001                  1.8621831458018376E-001                  9.2741093760527415E-002                  7.8132210900791477E-008                  9.9999999740462631E-001                  9.9999999279500118E-001                  9.2741093760527415E-002                  7.8132210900791477E-008                  9.9999999740462631E-001                  9.9999999279500118E-001                  1.3818451813325063E+000                  2.4090464911014717E+001                  1.3818449210777028E+000                 -3.3997316937592110E+001                 -4.8405405061349400E+000                  1.3818451813325063E+000                  2.4090464911014717E+001                  2.5974764495308666E-001                  1.3477554482673297E+000                 -3.3997316937592110E+001                  0.0000000000000000E+000                  0.0000000000000000E+000                  2.0626138476768281E+031                  2.3750357240992167E+032                 -2.0000000000000000E+001                 -2.0000000000000000E+001                 -2.0000000000000000E+001                 -2.0000000000000000E+001                  0.0000000000000000E+000                  0.0000000000000000E+000                  0.0000000000000000E+000                  0.0000000000000000E+000                  0.0000000000000000E+000                  3.9044815690157928E+000                  1.3811230925852456E+000                  4.0425156912553412E-001                  3.9305944847160461E+000                  0.0000000000000000E+000                  1.7225304027542943E+001                  1.9304220175188163E+000                  7.3837677183648784E+000                  1.0257773102356895E+000                  5.9101369397770898E-001                  2.6043532386967008E+000                  1.8203973275487978E-001                  8.0431865121805834E-001                  6.2411051031672306E-005                  5.7222445876686648E-004                  2.3838810482634588E-003                  6.5489967737205612E-003                  1.2799010920022040E+000                  6.9148723211994934E-001                                        0                                        5 
                                     250                                      887                  7.7336645085600507E+008                  6.8929629302086042E+000                  2.0000000000000000E+000                  3.3599535906024649E+001                 -9.8999999999999986E+001                  1.7071355599152541E-001                  8.5273776096802423E-002                  7.8132210234657662E-008                  9.9999999685775076E-001                  9.9999999102436310E-001                  8.5273776096802423E-002                  7.8132210234657662E-008                  9.9999999685775076E-001                  9.9999999102436310E-001                  1.3866872589040340E+000                  2.4360559510693605E+001                  1.3866869710008474E+000                 -3.3475993259828009E+001                 -4.7918507244221145E+000                  1.3866872589040340E+000                  2.4360559510693605E+001                  1.3337962836904010E-001                  1.3617475120940135E+000                 -3.3475993259828009E+001                  0.0000000000000000E+000                  0.0000000000000000E+000                  2.4595233715369525E+031                  2.2001267177247302E+032                 -2.0000000000000000E+001                 -2.0000000000000000E+001                 -2.0000000000000000E+001                 -2.0000000000000000E+001                  0.0000000000000000E+000                  0.0000000000000000E+000                  0.0000000000000000E+000                  0.0000000000000000E+000                  0.0000000000000000E+000                  3.8938761459419386E+000                  1.3859498382338109E+000                  4.2787578809752502E-001                  3.8833460467720644E+000                  0.0000000000000000E+000                  1.7235970975633940E+001                  1.9611980347398357E+000                  7.3938084567731037E+000                  1.0997732348699925E+000                  5.6473136354823639E-001                  2.9023207009161776E+000                  1.2947456536712601E-001                  8.5689688209508641E-001                  6.5314662617002911E-005                  4.8492449542512477E-004                  2.3838810482634588E-003                  6.5489967737205612E-003                  1.2700052594543023E+000                  7.0136356286437274E-001                                        0                                        5 
                                     255                                      882                  8.0989625150226319E+008                  6.8423687601511149E+000                  2.0000000000000000E+000                  3.3599535906024649E+001                 -9.8999999999999986E+001                  1.5479120033601959E-001                  7.6486130652424822E-002                  7.8132210456702267E-008                  9.9999999611556345E-001                  9.9999998895563502E-001                  7.6486130652424822E-002                  7.8132210456702267E-008                  9.9999999611556345E-001                  9.9999998895563502E-001                  1.3922493555476825E+000                  2.4674556507752545E+001                  1.3922490267783392E+000                 -3.2756158696759179E+001                 -4.7286438058402851E+000                  1.3922493555476825E+000                  2.4674556507752545E+001                  1.6138053379589453E-002                  1.3735864673926121E+000                 -3.2756158696759179E+001                  0.0000000000000000E+000                  0.0000000000000000E+000                  2.6837089776826424E+031                  2.0413905898599596E+032                 -2.0000000000000000E+001                 -2.0000000000000000E+001                 -2.0000000000000000E+001                 -2.0000000000000000E+001                  1.6171683268143494E-001                  0.0000000000000000E+000                  0.0000000000000000E+000                  0.0000000000000000E+000                  0.0000000000000000E+000                  3.8845203652145899E+000                  1.3916860668657565E+000                  4.4945546386819468E-001                  3.8401866952307246E+000                  0.0000000000000000E+000                  1.7261766829297226E+001                  2.0055029394172958E+000                  7.4080524066884994E+000                  1.1863034800987315E+000                  5.3819898752783202E-001                  3.2813175260206253E+000                  7.6409451365562819E-002                  9.0997246097918727E-001                  6.9227085778079863E-005                  4.1624917288431954E-004                  2.3838810482634588E-003                  6.5489967737205612E-003                  1.2609869872571657E+000                  7.1036438505203525E-001                                        0                                        5 
                                     260                                      883                  8.3680372457249165E+008                  6.5912431867112158E+000                  2.0000000000000000E+000                  3.3599535906024649E+001                 -9.8999999999999986E+001                  1.3817804198597247E-001                  6.7171047236405879E-002                  7.8132211122836082E-008                  9.9999999576400167E-001                  9.9999998771676391E-001                  6.7171047236405879E-002                  7.8132211122836082E-008                  9.9999999576400167E-001                  9.9999998771676391E-001                  1.4038213784740974E+000                  2.5340861686344549E+001                  1.4038209845542355E+000                 -3.1684268673463652E+001                 -4.6385552509057568E+000                  1.4038213784740974E+000                  2.5340861686344549E+001                 -7.1495151616249464E-003                  1.3866267613801646E+000                 -3.1684268673463652E+001                  0.0000000000000000E+000                  0.0000000000000000E+000                  2.8304940104039197E+031                  1.9321813260027270E+032                 -2.0000000000000000E+001                 -2.0000000000000000E+001                 -2.0000000000000000E+001                 -2.0000000000000000E+001                  1.5879479654460915E-001                  0.0000000000000000E+000                  0.0000000000000000E+000                  0.0000000000000000E+000                  0.0000000000000000E+000                  3.8832236246386138E+000                  1.4045188807605684E+000                  4.5846535196755306E-001                  3.8221669190320084E+000                  0.0000000000000000E+000                  1.7319109134579453E+001                  2.0705687982997421E+000                  7.4293188198466904E+000                  1.2687999683126239E+000                  5.1627494106063554E-001                  3.6782101845936395E+000                  3.2561155898763967E-002                  9.5382855458429594E-001                  7.4992277919167609E-005                  3.6859179374618898E-004                  2.3838810482634588E-003                  6.5489967737205612E-003                  1.2542203805252659E+000                  7.1712207606767386E-001                                        0                                        5 
                                     265                                      893                  8.4794476385236025E+008                  6.1470349415077852E+000                  2.0000000000000000E+000                  3.3599535906024649E+001                 -9.8999999999999986E+001                  1.2402194204142361E-001                  6.1947639016999956E-002                  7.8132210234657662E-008                  9.9999999611556323E-001                  9.9999998890262420E-001                  6.1947639016999956E-002                  7.8132210234657662E-008                  9.9999999611556323E-001                  9.9999998890262420E-001                  1.4206253183649313E+000                  2.6340579077617956E+001                  1.4206248527564425E+000                 -3.0473525354723805E+001                 -4.5491383362369140E+000                  1.4206253183649313E+000                  2.6340579077617956E+001                  1.0135591865089945E-001                  1.3992875082092679E+000                 -3.0473525354723805E+001                  0.0000000000000000E+000                  0.0000000000000000E+000                  2.8645727325645794E+031                  1.8901811665757111E+032                 -2.0000000000000000E+001                 -2.0000000000000000E+001                 -2.0000000000000000E+001                 -2.0000000000000000E+001                  1.6392451255947710E-001                  0.0000000000000000E+000                  0.0000000000000000E+000                  0.0000000000000000E+000                  0.0000000000000000E+000                  3.8934389760746599E+000                  1.4258224839203490E+000                  4.4868645067535201E-001                  3.8417247216164103E+000                  0.0000000000000000E+000                  1.7397634552727201E+001                  2.1403876369765085E+000                  7.4519738435221834E+000                  1.3108633517886206E+000                  5.0615841218563429E-001                  3.8956342696836321E+000                  1.2328071185486641E-002                  9.7406589353582951E-001                  8.1302968804619836E-005                  3.4694192756631501E-004                  2.3838810482634588E-003                  6.5489967737205612E-003                  1.2513287826752233E+000                  7.2001683266218108E-001                                        0                                        5 
                                     267                                      897                  8.4999442091052282E+008                  5.9608833207683958E+000                  2.0000000000000000E+000                  3.3599535906024649E+001                 -9.8999999999999986E+001                  1.1771425115574548E-001                  5.8846149927784364E-002                  7.8132210012613057E-008                  9.9999999638900061E-001                  9.9999998969539960E-001                  5.8846149927784364E-002                  7.8132210012613057E-008                  9.9999999638900061E-001                  9.9999998969539960E-001                  1.4272251321757083E+000                  2.6743924169539955E+001                  1.4272246417079175E+000                 -2.9976144502062418E+001                 -4.5199489321021673E+000                  1.4272251321757083E+000                  2.6743924169539955E+001                  1.6287548339475325E-001                  1.4029291168537201E+000                 -2.9976144502062418E+001                  0.0000000000000000E+000                  0.0000000000000000E+000                  2.8279471437844045E+031                  1.8747272779556015E+032                 -2.0000000000000000E+001                 -2.0000000000000000E+001                 -2.0000000000000000E+001                 -2.0000000000000000E+001                  1.6392451255947665E-001                  0.0000000000000000E+000                  0.0000000000000000E+000                  0.0000000000000000E+000                  0.0000000000000000E+000                  3.8991988368706374E+000                  1.4359937813579777E+000                  4.4225237780221038E-001                  3.8545928673626935E+000                  0.0000000000000000E+000                  1.7432186452194536E+001                  2.1690423510133470E+000                  7.4606674566990732E+000                  1.3195709550525516E+000                  5.0414471553490314E-001                  3.9420151641472154E+000                  8.3006943016596495E-003                  9.7809440784294066E-001                  8.3822835965852963E-005                  3.4231706121541031E-004                  2.3838810482634588E-003                  6.5489967737205612E-003                  1.2507822750293209E+000                  7.2056626678453251E-001                                        0                                        5 
