                                       1                                        2                                        3                                        4                                        5                                        6                                        7                                        8                                        9                                       10                                       11 
                          version_number                                 compiler                                    build                         MESA_SDK_version                             math_backend                                     date                                burn_min1                                burn_min2                                     msun                                     rsun                                     lsun 
                               "r26.4.1"                               "gfortran"                                 "15.2.0"                    "x86_64-linux-26.6.1"                                 "CRMATH"                               "20260609"                  5.0000000000000000E+001                  1.0000000000000000E+003                  1.9884098706980504E+033                  6.9570000000000000E+010                  3.8280000000000003E+033 

                                       1                                        2                                        3                                        4                                        5                                        6                                        7                                        8                                        9                                       10                                       11                                       12                                       13                                       14                                       15                                       16                                       17                                       18                                       19                                       20                                       21                                       22                                       23                                       24                                       25                                       26                                       27                                       28                                       29                                       30                                       31                                       32                                       33                                       34                                       35                                       36                                       37                                       38                                       39                                       40                                       41                                       42                                       43                                       44                                       45                                       46                                       47                                       48                                       49                                       50                                       51                                       52                                       53                                       54                                       55                                       56                                       57                                       58                                       59                                       60 
                            model_number                                num_zones                                 star_age                                   log_dt                                star_mass                               log_xmstar                             log_abs_mdot                           mass_conv_core                             conv_mx1_top                             conv_mx1_bot                             conv_mx2_top                             conv_mx2_bot                                  mx1_top                                  mx1_bot                                  mx2_top                                  mx2_bot                       log_power_nuc_burn                           power_nuc_burn                                   log_LH                                  log_LHe                                   log_LZ                                 log_Lnuc                                     Lnuc                                       pp                                      cno                                tri_alpha                               epsnuc_M_1                               epsnuc_M_2                               epsnuc_M_3                               epsnuc_M_4                               epsnuc_M_5                               epsnuc_M_6                               epsnuc_M_7                               epsnuc_M_8                             he_core_mass                             co_core_mass                            one_core_mass                             fe_core_mass                   neutron_rich_core_mass                                 log_Teff                                    log_L                                    log_R                                    log_g                        v_div_csound_surf                               log_cntr_P                             log_cntr_Rho                               log_cntr_T                                center_mu                                center_ye                              center_abar                                center_h1                               center_he4                               center_c12                               center_o16                              surface_c12                              surface_o16                            total_mass_h1                           total_mass_he4                              num_retries                                num_iters 
                                       1                                      699                  1.0000000000000001E-005                 -4.9999999999999991E+000                  1.2000000000000000E+000                  3.3377687156408292E+001                 -9.8999999999999986E+001                  0.0000000000000000E+000                  9.9999999857650002E-001                  3.3279734655143473E-002                  0.0000000000000000E+000                  0.0000000000000000E+000                  9.9999999857650002E-001                  3.3279734655143473E-002                  0.0000000000000000E+000                  0.0000000000000000E+000                 -4.6600479692093080E+000                  2.1875199920521266E-005                 -4.6600479692093080E+000                 -9.8999999999999986E+001                 -9.8999999999999986E+001                 -4.6600479692093080E+000                  2.1875199920521266E-005                 -4.6600479692099146E+000                 -1.6514653149719482E+001                 -9.8999999999999986E+001                 -2.0000000000000000E+001                 -2.0000000000000000E+001                 -2.0000000000000000E+001                 -2.0000000000000000E+001                 -2.0000000000000000E+001                 -2.0000000000000000E+001                 -2.0000000000000000E+001                 -2.0000000000000000E+001                  0.0000000000000000E+000                  0.0000000000000000E+000                  0.0000000000000000E+000                  0.0000000000000000E+000                  0.0000000000000000E+000                  3.6733105086953759E+000                  4.0106173771044462E-001                  3.7656301232896788E-001                  3.7641228486928222E+000                  0.0000000000000000E+000                  1.4610339201222423E+001                 -1.0670283330257724E-001                  6.5862673764993680E+000                  6.1296840156184818E-001                  8.5824770319108312E-001                  1.2743228965333044E+000                  7.1649999999999980E-001                  2.6947131977607081E-001                  2.3838810482634592E-003                  6.5489967737205716E-003                  2.3838810482634588E-003                  6.5489967737205725E-003                  8.5979999999999968E-001                  3.2336558373128504E-001                                        0                                        5 
                                       5                                      691                  7.4416000000000014E-005                 -4.6832750158095005E+000                  1.2000000000000000E+000                  3.3377687156408292E+001                 -9.8999999999999986E+001                  0.0000000000000000E+000                  9.9999999888899993E-001                  2.8945371555008880E-002                  0.0000000000000000E+000                  0.0000000000000000E+000                  9.9999999888899993E-001                  2.8945371555008880E-002                  0.0000000000000000E+000                  0.0000000000000000E+000                 -4.6599146126463964E+000                  2.1881918056548344E-005                 -4.6599146126463973E+000                 -9.8999999999999986E+001                 -2.0169009709486737E+001                 -4.6599146126463964E+000                  2.1881918056548344E-005                 -4.6599146126472153E+000                 -1.6384907581405841E+001                 -9.8999999999999986E+001                 -2.0000000000000000E+001                 -2.0000000000000000E+001                 -2.0000000000000000E+001                 -2.0000000000000000E+001                 -2.0000000000000000E+001                 -2.0000000000000000E+001                 -2.0000000000000000E+001                 -2.0000000000000000E+001                  0.0000000000000000E+000                  0.0000000000000000E+000                  0.0000000000000000E+000                  0.0000000000000000E+000                  0.0000000000000000E+000                  3.6738096333744896E+000                  4.0306613389392132E-001                  3.7656696106247811E-001                  3.7641149512258014E+000                  0.0000000000000000E+000                  1.4610339217496600E+001                 -1.0670282351821786E-001                  6.5862673829459961E+000                  6.1296840155895205E-001                  8.5824770319108312E-001                  1.2743228965333044E+000                  7.1649999999999980E-001                  2.6947131977607081E-001                  2.3838810482634592E-003                  6.5489967737205716E-003                  2.3838810482634588E-003                  6.5489967737205734E-003                  8.5979999999999968E-001                  3.2336558373128504E-001                                        0                                        5 
                                      10                                      691                  2.5958682111999997E-004                 -4.2873687855713758E+000                  1.2000000000000000E+000                  3.3377687156408292E+001                 -9.8999999999999986E+001                  0.0000000000000000E+000                  9.9999999888899993E-001                  2.8945403091697498E-002                  0.0000000000000000E+000                  0.0000000000000000E+000                  9.9999999888899993E-001                  2.8945403091697498E-002                  0.0000000000000000E+000                  0.0000000000000000E+000                 -4.6595346827772524E+000                  2.1901069190453743E-005                 -4.6595346827772524E+000                 -9.8999999999999986E+001                 -9.8999999999999986E+001                 -4.6595346827772524E+000                  2.1901069190453743E-005                 -4.6595346827781094E+000                 -1.6364559216662055E+001                 -9.8999999999999986E+001                 -2.0000000000000000E+001                 -2.0000000000000000E+001                 -2.0000000000000000E+001                 -2.0000000000000000E+001                 -2.0000000000000000E+001                 -2.0000000000000000E+001                 -2.0000000000000000E+001                 -2.0000000000000000E+001                  0.0000000000000000E+000                  0.0000000000000000E+000                  0.0000000000000000E+000                  0.0000000000000000E+000                  0.0000000000000000E+000                  3.6740772725348627E+000                  4.0413938537298749E-001                  3.7656830848126466E-001                  3.7641122563882283E+000                  0.0000000000000000E+000                  1.4610339231217557E+001                 -1.0670281525658552E-001                  6.5862673883690919E+000                  6.1296840155651733E-001                  8.5824770319108312E-001                  1.2743228965333044E+000                  7.1649999999999980E-001                  2.6947131977607081E-001                  2.3838810482634592E-003                  6.5489967737205716E-003                  2.3838810482634588E-003                  6.5489967737205734E-003                  8.5979999999999968E-001                  3.2336558373128504E-001                                        0                                        5 
                                      15                                      691                  7.2035107872931814E-004                 -3.8914625553332525E+000                  1.2000000000000000E+000                  3.3377687156408292E+001                 -9.8999999999999986E+001                  0.0000000000000000E+000                  9.9999999888899993E-001                  2.8945524413853736E-002                  0.0000000000000000E+000                  0.0000000000000000E+000                  9.9999999888899993E-001                  2.8945524413853736E-002                  0.0000000000000000E+000                  0.0000000000000000E+000                 -4.6586122708764295E+000                  2.1947635003588383E-005                 -4.6586122708764295E+000                 -9.8999999999999986E+001                 -9.8999999999999986E+001                 -4.6586122708764295E+000                  2.1947635003588383E-005                 -4.6586122708772848E+000                 -1.6364265890897205E+001                 -9.8999999999999986E+001                 -2.0000000000000000E+001                 -2.0000000000000000E+001                 -2.0000000000000000E+001                 -2.0000000000000000E+001                 -2.0000000000000000E+001                 -2.0000000000000000E+001                 -2.0000000000000000E+001                 -2.0000000000000000E+001                  0.0000000000000000E+000                  0.0000000000000000E+000                  0.0000000000000000E+000                  0.0000000000000000E+000                  0.0000000000000000E+000                  3.6741309501389510E+000                  4.0435494260917731E-001                  3.7656873189118384E-001                  3.7641114095683901E+000                  0.0000000000000000E+000                  1.4610339244680759E+001                 -1.0670280712387593E-001                  6.5862673936644480E+000                  6.1296840155414256E-001                  8.5824770319108312E-001                  1.2743228965333044E+000                  7.1649999999999980E-001                  2.6947131977607081E-001                  2.3838810482634592E-003                  6.5489967737205716E-003                  2.3838810482634588E-003                  6.5489967737205734E-003                  8.5979999999999968E-001                  3.2336558373128504E-001                                        0                                        5 
                                      20                                      691                  1.8668799962237366E-003                 -3.4955563250951283E+000                  1.2000000000000000E+000                  3.3377687156408292E+001                 -9.8999999999999986E+001                  0.0000000000000000E+000                  9.9999999888899993E-001                  2.8945961439530817E-002                  0.0000000000000000E+000                  0.0000000000000000E+000                  9.9999999888899993E-001                  2.8945961439530817E-002                  0.0000000000000000E+000                  0.0000000000000000E+000                 -4.6564367316246029E+000                  2.2057854536166193E-005                 -4.6564367316246029E+000                 -9.8999999999999986E+001                 -9.8999999999999986E+001                 -4.6564367316246029E+000                  2.2057854536166193E-005                 -4.6564367316254538E+000                 -1.6364265997354451E+001                 -9.8999999999999986E+001                 -2.0000000000000000E+001                 -2.0000000000000000E+001                 -2.0000000000000000E+001                 -2.0000000000000000E+001                 -2.0000000000000000E+001                 -2.0000000000000000E+001                 -2.0000000000000000E+001                 -2.0000000000000000E+001                  0.0000000000000000E+000                  0.0000000000000000E+000                  0.0000000000000000E+000                  0.0000000000000000E+000                  0.0000000000000000E+000                  3.6741430625141041E+000                  4.0440369075865262E-001                  3.7656888121561488E-001                  3.7641111109195280E+000                  0.0000000000000000E+000                  1.4610339259198181E+001                 -1.0670279829318474E-001                  6.5862673993142229E+000                  6.1296840155161536E-001                  8.5824770319108312E-001                  1.2743228965333044E+000                  7.1649999999999980E-001                  2.6947131977607081E-001                  2.3838810482634592E-003                  6.5489967737205716E-003                  2.3838810482634588E-003                  6.5489967737205734E-003                  8.5979999999999968E-001                  3.2336558373128504E-001                                        0                                        5 
                                      25                                      691                  4.7198108322034473E-003                 -3.0996500948570040E+000                  1.2000000000000000E+000                  3.3377687156408292E+001                 -9.8999999999999986E+001                  0.0000000000000000E+000                  9.9999999888899993E-001                  2.8947513814160671E-002                  0.0000000000000000E+000                  0.0000000000000000E+000                  9.9999999888899993E-001                  2.8947513814160671E-002                  0.0000000000000000E+000                  0.0000000000000000E+000                 -4.6516105322296948E+000                  2.2304344676634289E-005                 -4.6516105322296948E+000                 -9.8999999999999986E+001                 -9.8999999999999986E+001                 -4.6516105322296948E+000                  2.2304344676634289E-005                 -4.6516105322305368E+000                 -1.6364266193855091E+001                 -9.8999999999999986E+001                 -2.0000000000000000E+001                 -2.0000000000000000E+001                 -2.0000000000000000E+001                 -2.0000000000000000E+001                 -2.0000000000000000E+001                 -2.0000000000000000E+001                 -2.0000000000000000E+001                 -2.0000000000000000E+001                  0.0000000000000000E+000                  0.0000000000000000E+000                  0.0000000000000000E+000                  0.0000000000000000E+000                  0.0000000000000000E+000                  3.6741455857862806E+000                  4.0441388987539417E-001                  3.7656893422963306E-001                  3.7641110048914919E+000                  0.0000000000000000E+000                  1.4610339275465554E+001                 -1.0670278825040343E-001                  6.5862674054996768E+000                  6.1296840154886423E-001                  8.5824770319108312E-001                  1.2743228965333044E+000                  7.1649999999999980E-001                  2.6947131977607081E-001                  2.3838810482634592E-003                  6.5489967737205716E-003                  2.3838810482634588E-003                  6.5489967737205734E-003                  8.5979999999999968E-001                  3.2336558373128504E-001                                        0                                        5 
                                      30                                      691                  1.1818815689988481E-002                 -2.7037438646188803E+000                  1.2000000000000000E+000                  3.3377687156408292E+001                 -9.8999999999999986E+001                  0.0000000000000000E+000                  9.9999999888899993E-001                  2.8953015156842718E-002                  0.0000000000000000E+000                  0.0000000000000000E+000                  9.9999999888899993E-001                  2.8953015156842718E-002                  0.0000000000000000E+000                  0.0000000000000000E+000                 -4.6422011020313834E+000                  2.2792863936892357E-005                 -4.6422011020313834E+000                 -9.8999999999999986E+001                 -9.8999999999999986E+001                 -4.6422011020313834E+000                  2.2792863936892357E-005                 -4.6422011020322076E+000                 -1.6364266277082919E+001                 -9.8999999999999986E+001                 -2.0000000000000000E+001                 -2.0000000000000000E+001                 -2.0000000000000000E+001                 -2.0000000000000000E+001                 -2.0000000000000000E+001                 -2.0000000000000000E+001                 -2.0000000000000000E+001                 -2.0000000000000000E+001                  0.0000000000000000E+000                  0.0000000000000000E+000                  0.0000000000000000E+000                  0.0000000000000000E+000                  0.0000000000000000E+000                  3.6741460684276013E+000                  4.0441585980262507E-001                  3.7656895391060774E-001                  3.7641109655295422E+000                  0.0000000000000000E+000                  1.4610339294695660E+001                 -1.0670277602774243E-001                  6.5862674124662544E+000                  6.1296840154580368E-001                  8.5824770319108334E-001                  1.2743228965333040E+000                  7.1650000000000003E-001                  2.6947131977607097E-001                  2.3838810482634592E-003                  6.5489967737205742E-003                  2.3838810482634588E-003                  6.5489967737205734E-003                  8.5979999999999968E-001                  3.2336558373128504E-001                                        0                                        5 
                                      35                                      691                  2.9483411457712130E-002                 -2.3078376343807561E+000                  1.2000000000000000E+000                  3.3377687156408292E+001                 -9.8999999999999986E+001                  0.0000000000000000E+000                  9.9999999888899993E-001                  2.8972450091882419E-002                  0.0000000000000000E+000                  0.0000000000000000E+000                  9.9999999888899993E-001                  2.8972450091882419E-002                  0.0000000000000000E+000                  0.0000000000000000E+000                 -4.6279217567751827E+000                  2.3554736117614230E-005                 -4.6279217567751827E+000                 -9.8999999999999986E+001                 -2.0169009709486737E+001                 -4.6279217567751827E+000                  2.3554736117614230E-005                 -4.6279217567759794E+000                 -1.6364266236429884E+001                 -9.8999999999999986E+001                 -2.0000000000000000E+001                 -2.0000000000000000E+001                 -2.0000000000000000E+001                 -2.0000000000000000E+001                 -2.0000000000000000E+001                 -2.0000000000000000E+001                 -2.0000000000000000E+001                 -2.0000000000000000E+001                  0.0000000000000000E+000                  0.0000000000000000E+000                  0.0000000000000000E+000                  0.0000000000000000E+000                  0.0000000000000000E+000                  3.6741461635205068E+000                  4.0441625548527194E-001                  3.7656896156611958E-001                  3.7641109502185186E+000                  0.0000000000000000E+000                  1.4610339320014900E+001                 -1.0670275915180535E-001                  6.5862674208677898E+000                  6.1296840154220200E-001                  8.5824770319108312E-001                  1.2743228965333042E+000                  7.1650000000000003E-001                  2.6947131977607131E-001                  2.3838810482634592E-003                  6.5489967737205716E-003                  2.3838810482634588E-003                  6.5489967737205734E-003                  8.5979999999999968E-001                  3.2336558373128504E-001                                        0                                        5 
                                      40                                      691                  7.3438578398454232E-002                 -1.9119314041426323E+000                  1.2000000000000000E+000                  3.3377687156408292E+001                 -9.8999999999999986E+001                  0.0000000000000000E+000                  9.9999999888899993E-001                  2.9040695612529761E-002                  0.0000000000000000E+000                  0.0000000000000000E+000                  9.9999999888899993E-001                  2.9040695612529761E-002                  0.0000000000000000E+000                  0.0000000000000000E+000                 -4.6131457950118024E+000                  2.4369925694151073E-005                 -4.6131457950118024E+000                 -9.8999999999999986E+001                 -2.0169009709486737E+001                 -4.6131457950118024E+000                  2.4369925694151073E-005                 -4.6131457950125725E+000                 -1.6364266027286195E+001                 -9.8999999999999986E+001                 -2.0000000000000000E+001                 -2.0000000000000000E+001                 -2.0000000000000000E+001                 -2.0000000000000000E+001                 -2.0000000000000000E+001                 -2.0000000000000000E+001                 -2.0000000000000000E+001                 -2.0000000000000000E+001                  0.0000000000000000E+000                  0.0000000000000000E+000                  0.0000000000000000E+000                  0.0000000000000000E+000                  0.0000000000000000E+000                  3.6741461866623286E+000                  4.0441635041283247E-001                  3.7656896274625584E-001                  3.7641109478582462E+000                  0.0000000000000000E+000                  1.4610339359392061E+001                 -1.0670273135422921E-001                  6.5862674324062809E+000                  6.1296840153744914E-001                  8.5824770319108312E-001                  1.2743228965333040E+000                  7.1649999999999980E-001                  2.6947131977607208E-001                  2.3838810482634584E-003                  6.5489967737205682E-003                  2.3838810482634588E-003                  6.5489967737205734E-003                  8.5979999999999968E-001                  3.2336558373128504E-001                                        0                                        4 
                                      45                                      691                  1.8281309940044158E-001                 -1.5160251739045081E+000                  1.2000000000000000E+000                  3.3377687156408292E+001                 -9.8999999999999986E+001                  0.0000000000000000E+000                  9.9999999888899993E-001                  2.9283197135923710E-002                  0.0000000000000000E+000                  0.0000000000000000E+000                  9.9999999888899993E-001                  2.9283197135923710E-002                  0.0000000000000000E+000                  0.0000000000000000E+000                 -4.6024931363968307E+000                  2.4975078595322346E-005                 -4.6024931363968307E+000                 -9.8999999999999986E+001                 -9.8999999999999986E+001                 -4.6024931363968307E+000                  2.4975078595322346E-005                 -4.6024931363975830E+000                 -1.6364265516352610E+001                 -9.8999999999999986E+001                 -2.0000000000000000E+001                 -2.0000000000000000E+001                 -2.0000000000000000E+001                 -2.0000000000000000E+001                 -2.0000000000000000E+001                 -2.0000000000000000E+001                 -2.0000000000000000E+001                 -2.0000000000000000E+001                  0.0000000000000000E+000                  0.0000000000000000E+000                  0.0000000000000000E+000                  0.0000000000000000E+000                  0.0000000000000000E+000                  3.6741461904168951E+000                  4.0441635235167506E-001                  3.7656895620654496E-001                  3.7641109609376682E+000                  0.0000000000000000E+000                  1.4610339432483734E+001                 -1.0670267714086962E-001                  6.5862674512485500E+000                  6.1296840153005616E-001                  8.5824770319108312E-001                  1.2743228965333042E+000                  7.1649999999999936E-001                  2.6947131977607419E-001                  2.3838810482634592E-003                  6.5489967737205708E-003                  2.3838810482634588E-003                  6.5489967737205734E-003                  8.5979999999999968E-001                  3.2336558373128510E-001                                        0                                        5 
                                      50                                      691                  4.5497190750010669E-001                 -1.1201189436663841E+000                  1.2000000000000000E+000                  3.3377687156408292E+001                 -9.8999999999999986E+001                  0.0000000000000000E+000                  9.9999999888899993E-001                  3.0228646267959753E-002                  0.0000000000000000E+000                  0.0000000000000000E+000                  9.9999999888899993E-001                  3.0228646267959753E-002                  0.0000000000000000E+000                  0.0000000000000000E+000                 -4.5963592864487701E+000                  2.5330322172520490E-005                 -4.5963592864487701E+000                 -9.8999999999999986E+001                 -9.8999999999999986E+001                 -4.5963592864487701E+000                  2.5330322172520490E-005                 -4.5963592864495109E+000                 -1.6364264346101162E+001                 -9.8999999999999986E+001                 -2.0000000000000000E+001                 -2.0000000000000000E+001                 -2.0000000000000000E+001                 -2.0000000000000000E+001                 -2.0000000000000000E+001                 -2.0000000000000000E+001                 -2.0000000000000000E+001                 -2.0000000000000000E+001                  0.0000000000000000E+000                  0.0000000000000000E+000                  0.0000000000000000E+000                  0.0000000000000000E+000                  0.0000000000000000E+000                  3.6741461992539963E+000                  4.0441633313497038E-001                  3.7656892892398974E-001                  3.7641110155027784E+000                  0.0000000000000000E+000                  1.4610339588265843E+001                 -1.0670255791884255E-001                  6.5862674877883203E+000                  6.1296840151630816E-001                  8.5824770319108312E-001                  1.2743228965333049E+000                  7.1649999999999836E-001                  2.6947131977607935E-001                  2.3838810482634592E-003                  6.5489967737205682E-003                  2.3838810482634588E-003                  6.5489967737205734E-003                  8.5979999999999968E-001                  3.2336558373128521E-001                                        0                                        4 
                                      55                                      691                  1.1321901128706655E+000                 -7.2421271342826010E-001                  1.2000000000000000E+000                  3.3377687156408292E+001                 -9.8999999999999986E+001                  0.0000000000000000E+000                  9.9999999888899993E-001                  3.3108901955345049E-002                  0.0000000000000000E+000                  0.0000000000000000E+000                  9.9999999888899993E-001                  3.3108901955345049E-002                  0.0000000000000000E+000                  0.0000000000000000E+000                 -4.5930436365417888E+000                  2.5524448281588352E-005                 -4.5930436365417888E+000                 -9.8999999999999986E+001                 -9.8999999999999986E+001                 -4.5930436365417888E+000                  2.5524448281588352E-005                 -4.5930436365425242E+000                 -1.6364261552151188E+001                 -9.8999999999999986E+001                 -2.0000000000000000E+001                 -2.0000000000000000E+001                 -2.0000000000000000E+001                 -2.0000000000000000E+001                 -2.0000000000000000E+001                 -2.0000000000000000E+001                 -2.0000000000000000E+001                 -2.0000000000000000E+001                  0.0000000000000000E+000                  0.0000000000000000E+000                  0.0000000000000000E+000                  0.0000000000000000E+000                  0.0000000000000000E+000                  3.6741462001584484E+000                  4.0441616161785465E-001                  3.7656884135652768E-001                  3.7641111906377023E+000                  0.0000000000000000E+000                  1.4610339954503029E+001                 -1.0670227411355795E-001                  6.5862675702266174E+000                  6.1296840148591192E-001                  8.5824770319108279E-001                  1.2743228965333058E+000                  7.1649999999999592E-001                  2.6947131977609229E-001                  2.3838810482634592E-003                  6.5489967737205708E-003                  2.3838810482634588E-003                  6.5489967737205734E-003                  8.5979999999999968E-001                  3.2336558373128577E-001                                        0                                        4 
                                      60                                      691                  2.8173257176583335E+000                 -3.2830648319013606E-001                  1.2000000000000000E+000                  3.3377687156408292E+001                 -9.8999999999999986E+001                  0.0000000000000000E+000                  9.9999999888899993E-001                  3.3617726218383485E-002                  0.0000000000000000E+000                  0.0000000000000000E+000                  9.9999999888899993E-001                  3.3617726218383485E-002                  0.0000000000000000E+000                  0.0000000000000000E+000                 -4.5907621334085391E+000                  2.5658890098362855E-005                 -4.5907621334085391E+000                 -9.8999999999999986E+001                 -9.8999999999999986E+001                 -4.5907621334085391E+000                  2.5658890098362855E-005                 -4.5907621334092701E+000                 -1.6364254644006945E+001                 -9.8999999999999986E+001                 -2.0000000000000000E+001                 -2.0000000000000000E+001                 -2.0000000000000000E+001                 -2.0000000000000000E+001                 -2.0000000000000000E+001                 -2.0000000000000000E+001                 -2.0000000000000000E+001                 -2.0000000000000000E+001                  0.0000000000000000E+000                  0.0000000000000000E+000                  0.0000000000000000E+000                  0.0000000000000000E+000                  0.0000000000000000E+000                  3.6741461918470049E+000                  4.0441567577091964E-001                  3.7656861505594647E-001                  3.7641116432388646E+000                  0.0000000000000000E+000                  1.4610340858471465E+001                 -1.0670157232965917E-001                  6.5862677724466083E+000                  6.1296840141158415E-001                  8.5824770319108179E-001                  1.2743228965333087E+000                  7.1649999999998948E-001                  2.6947131977612432E-001                  2.3838810482634592E-003                  6.5489967737205682E-003                  2.3838810482634588E-003                  6.5489967737205734E-003                  8.5979999999999945E-001                  3.2336558373128677E-001                                        0                                        4 
                                      65                                      691                  7.0104823457635828E+000                  6.7599747047987935E-002                  1.2000000000000000E+000                  3.3377687156408292E+001                 -9.8999999999999986E+001                  0.0000000000000000E+000                  9.9999999888899993E-001                  3.3618078768228386E-002                  0.0000000000000000E+000                  0.0000000000000000E+000                  9.9999999888899993E-001                  3.3618078768228386E-002                  0.0000000000000000E+000                  0.0000000000000000E+000                 -4.5896633335554942E+000                  2.5723891341678374E-005                 -4.5896633335554933E+000                 -9.8999999999999986E+001                 -9.8999999999999986E+001                 -4.5896633335554942E+000                  2.5723891341678374E-005                 -4.5896633335562234E+000                 -1.6364237457599948E+001                 -9.8999999999999986E+001                 -2.0000000000000000E+001                 -2.0000000000000000E+001                 -2.0000000000000000E+001                 -2.0000000000000000E+001                 -2.0000000000000000E+001                 -2.0000000000000000E+001                 -2.0000000000000000E+001                 -2.0000000000000000E+001                  0.0000000000000000E+000                  0.0000000000000000E+000                  0.0000000000000000E+000                  0.0000000000000000E+000                  0.0000000000000000E+000                  3.6741461794430368E+000                  4.0441449932086432E-001                  3.7656805163885576E-001                  3.7641127700730466E+000                  0.0000000000000000E+000                  1.4610343107353586E+001                 -1.0669982635610667E-001                  6.5862682754446586E+000                  6.1296840122671858E-001                  8.5824770319108001E-001                  1.2743228965333144E+000                  7.1649999999997360E-001                  2.6947131977620420E-001                  2.3838810482634592E-003                  6.5489967737205664E-003                  2.3838810482634588E-003                  6.5489967737205734E-003                  8.5979999999999857E-001                  3.2336558373128915E-001                                        0                                        3 
                                      70                                      691                  1.7444397846610435E+001                  4.6350597728611193E-001                  1.2000000000000000E+000                  3.3377687156408292E+001                 -9.8999999999999986E+001                  0.0000000000000000E+000                  9.9999999888899993E-001                  3.3618958370369184E-002                  0.0000000000000000E+000                  0.0000000000000000E+000                  9.9999999888899993E-001                  3.3618958370369184E-002                  0.0000000000000000E+000                  0.0000000000000000E+000                 -4.5895059959239495E+000                  2.5733212365859316E-005                 -4.5895059959239495E+000                 -9.8999999999999986E+001                 -9.8999999999999986E+001                 -4.5895059959239495E+000                  2.5733212365859316E-005                 -4.5895059959246787E+000                 -1.6364194692722055E+001                 -9.8999999999999986E+001                 -2.0000000000000000E+001                 -2.0000000000000000E+001                 -2.0000000000000000E+001                 -2.0000000000000000E+001                 -2.0000000000000000E+001                 -2.0000000000000000E+001                 -2.0000000000000000E+001                 -2.0000000000000000E+001                  0.0000000000000000E+000                  0.0000000000000000E+000                  0.0000000000000000E+000                  0.0000000000000000E+000                  0.0000000000000000E+000                  3.6741461386679433E+000                  4.0441153179271599E-001                  3.7656664942496904E-001                  3.7641155745008197E+000                  0.0000000000000000E+000                  1.4610348703254225E+001                 -1.0669548184131904E-001                  6.5862695270532035E+000                  6.1296840076671977E-001                  8.5824770319107524E-001                  1.2743228965333306E+000                  7.1649999999993397E-001                  2.6947131977640298E-001                  2.3838810482634592E-003                  6.5489967737205664E-003                  2.3838810482634588E-003                  6.5489967737205734E-003                  8.5979999999999646E-001                  3.2336558373129559E-001                                        0                                        4 
                                      75                                      691                  4.3407318465677669E+001                  8.5941220752423608E-001                  1.2000000000000000E+000                  3.3377687156408292E+001                 -9.8999999999999986E+001                  0.0000000000000000E+000                  9.9999999888899993E-001                  3.3621159497012262E-002                  0.0000000000000000E+000                  0.0000000000000000E+000                  9.9999999888899993E-001                  3.3621159497012262E-002                  0.0000000000000000E+000                  0.0000000000000000E+000                 -4.5894465656882586E+000                  2.5736734021288347E-005                 -4.5894465656882586E+000                 -9.8999999999999986E+001                 -2.0169009709486737E+001                 -4.5894465656882586E+000                  2.5736734021288347E-005                 -4.5894465656889887E+000                 -1.6364088282633031E+001                 -9.8999999999999986E+001                 -2.0000000000000000E+001                 -2.0000000000000000E+001                 -2.0000000000000000E+001                 -2.0000000000000000E+001                 -2.0000000000000000E+001                 -2.0000000000000000E+001                 -2.0000000000000000E+001                 -2.0000000000000000E+001                  0.0000000000000000E+000                  0.0000000000000000E+000                  0.0000000000000000E+000                  0.0000000000000000E+000                  0.0000000000000000E+000                  3.6741460392176633E+000                  4.0440415582940237E-001                  3.7656316034387149E-001                  3.7641225526630149E+000                  0.0000000000000000E+000                  1.4610362627407495E+001                 -1.0668467146283729E-001                  6.5862726413823873E+000                  6.1296839962212890E-001                  8.5824770319106258E-001                  1.2743228965333704E+000                  7.1649999999983538E-001                  2.6947131977689798E-001                  2.3838810482634592E-003                  6.5489967737205664E-003                  2.3838810482634588E-003                  6.5489967737205734E-003                  8.5979999999999102E-001                  3.2336558373131175E-001                                        0                                        3 
                                      80                                      691                  1.0801137310051504E+002                  1.2553184377623601E+000                  1.2000000000000000E+000                  3.3377687156408292E+001                 -9.8999999999999986E+001                  0.0000000000000000E+000                  9.9999999888899993E-001                  3.3626712258951030E-002                  0.0000000000000000E+000                  0.0000000000000000E+000                  9.9999999888899993E-001                  3.3626712258951030E-002                  0.0000000000000000E+000                  0.0000000000000000E+000                 -4.5893033018025049E+000                  2.5745225385778703E-005                 -4.5893033018025049E+000                 -9.8999999999999986E+001                 -9.8999999999999986E+001                 -4.5893033018025049E+000                  2.5745225385778703E-005                 -4.5893033018032350E+000                 -1.6363823516644629E+001                 -9.8999999999999986E+001                 -2.0000000000000000E+001                 -2.0000000000000000E+001                 -2.0000000000000000E+001                 -2.0000000000000000E+001                 -2.0000000000000000E+001                 -2.0000000000000000E+001                 -2.0000000000000000E+001                 -2.0000000000000000E+001                  0.0000000000000000E+000                  0.0000000000000000E+000                  0.0000000000000000E+000                  0.0000000000000000E+000                  0.0000000000000000E+000                  3.6741457954220409E+000                  4.0438581782036503E-001                  3.7655447893059713E-001                  3.7641399154895634E+000                  0.0000000000000000E+000                  1.4610397273663557E+001                 -1.0665777281193355E-001                  6.5862803903686897E+000                  6.1296839677423298E-001                  8.5824770319103239E-001                  1.2743228965334694E+000                  7.1649999999959002E-001                  2.6947131977812983E-001                  2.3838810482634592E-003                  6.5489967737205664E-003                  2.3838810482634588E-003                  6.5489967737205734E-003                  8.5979999999997769E-001                  3.2336558373135099E-001                                        0                                        5 
                                      85                                      691                  2.6876693432947360E+002                  1.6512246680004841E+000                  1.2000000000000000E+000                  3.3377687156408292E+001                 -9.8999999999999986E+001                  0.0000000000000000E+000                  9.9999999888899993E-001                  3.3640978770432324E-002                  0.0000000000000000E+000                  0.0000000000000000E+000                  9.9999999888899993E-001                  3.3640978770432324E-002                  0.0000000000000000E+000                  0.0000000000000000E+000                 -4.5889468903210204E+000                  2.5766362334355740E-005                 -4.5889468903210204E+000                 -9.8999999999999986E+001                 -9.8999999999999986E+001                 -4.5889468903210204E+000                  2.5766362334355740E-005                 -4.5889468903217505E+000                 -1.6363164795618200E+001                 -9.8999999999999986E+001                 -2.0000000000000000E+001                 -2.0000000000000000E+001                 -2.0000000000000000E+001                 -2.0000000000000000E+001                 -2.0000000000000000E+001                 -2.0000000000000000E+001                 -2.0000000000000000E+001                 -2.0000000000000000E+001                  0.0000000000000000E+000                  0.0000000000000000E+000                  0.0000000000000000E+000                  0.0000000000000000E+000                  0.0000000000000000E+000                  3.6741451882227421E+000                  4.0434018990804393E-001                  3.7653287937303548E-001                  3.7641831146046867E+000                  0.0000000000000000E+000                  1.4610483475365825E+001                 -1.0659084675468491E-001                  6.5862996694604918E+000                  6.1296838968907352E-001                  8.5824770319095656E-001                  1.2743228965337157E+000                  7.1649999999897906E-001                  2.6947131978119654E-001                  2.3838810482634592E-003                  6.5489967737205664E-003                  2.3838810482634588E-003                  6.5489967737205734E-003                  8.5979999999994405E-001                  3.2336558373144930E-001                                        0                                        2 
                                      90                                      691                  6.6877821244671566E+002                  2.0471308982386081E+000                  1.2000000000000000E+000                  3.3377687156408292E+001                 -9.8999999999999986E+001                  0.0000000000000000E+000                  9.9999999888899993E-001                  3.3678991209376827E-002                  0.0000000000000000E+000                  0.0000000000000000E+000                  9.9999999888899993E-001                  3.3678991209376827E-002                  0.0000000000000000E+000                  0.0000000000000000E+000                 -4.5880604697422198E+000                  2.5819006702071577E-005                 -4.5880604697422198E+000                 -9.8999999999999986E+001                 -2.0169009709486737E+001                 -4.5880604697422198E+000                  2.5819006702071577E-005                 -4.5880604697429517E+000                 -1.6361526314064935E+001                 -9.8999999999999986E+001                 -2.0000000000000000E+001                 -2.0000000000000000E+001                 -2.0000000000000000E+001                 -2.0000000000000000E+001                 -2.0000000000000000E+001                 -2.0000000000000000E+001                 -2.0000000000000000E+001                 -2.0000000000000000E+001                  0.0000000000000000E+000                  0.0000000000000000E+000                  0.0000000000000000E+000                  0.0000000000000000E+000                  0.0000000000000000E+000                  3.6741436733304558E+000                  4.0422666828784121E-001                  3.7647914834750618E-001                  3.7642905766557453E+000                  0.0000000000000000E+000                  1.4610697915331338E+001                 -1.0642435292979494E-001                  6.5863476242404149E+000                  6.1296837206709842E-001                  8.5824770319076749E-001                  1.2743228965343294E+000                  7.1649999999745728E-001                  2.6947131978883643E-001                  2.3838810482634584E-003                  6.5489967737205638E-003                  2.3838810482634588E-003                  6.5489967737205734E-003                  8.5979999999986012E-001                  3.2336558373169449E-001                                        0                                        5 
                                      95                                      691                  1.6641342760114112E+003                  2.4430371284767323E+000                  1.2000000000000000E+000                  3.3377687156408292E+001                 -9.8999999999999986E+001                  0.0000000000000000E+000                  9.9999999888899993E-001                  3.3785830473016046E-002                  0.0000000000000000E+000                  0.0000000000000000E+000                  9.9999999888899993E-001                  3.3785830473016046E-002                  0.0000000000000000E+000                  0.0000000000000000E+000                 -4.5858575205282790E+000                  2.5950305770374417E-005                 -4.5858575205282790E+000                 -9.8999999999999986E+001                 -1.9992918450431056E+001                 -4.5858575205282790E+000                  2.5950305770374417E-005                 -4.5858575205290135E+000                 -1.6357453113408525E+001                 -9.8999999999999986E+001                 -2.0000000000000000E+001                 -2.0000000000000000E+001                 -2.0000000000000000E+001                 -2.0000000000000000E+001                 -2.0000000000000000E+001                 -2.0000000000000000E+001                 -2.0000000000000000E+001                 -2.0000000000000000E+001                  0.0000000000000000E+000                  0.0000000000000000E+000                  0.0000000000000000E+000                  0.0000000000000000E+000                  0.0000000000000000E+000                  3.6741399075125374E+000                  4.0394440039742519E-001                  3.7634554603813436E-001                  3.7645577812744890E+000                  0.0000000000000000E+000                  1.4611231154417174E+001                 -1.0601030855632246E-001                  6.5864668408395337E+000                  6.1296832826863734E-001                  8.5824770319029631E-001                  1.2743228965358595E+000                  7.1649999999366043E-001                  2.6947131980790212E-001                  2.3838810482634592E-003                  6.5489967737205664E-003                  2.3838810482634588E-003                  6.5489967737205734E-003                  8.5979999999965051E-001                  3.2336558373230723E-001                                        0                                        5 
                                     100                                      691                  4.1408986761007136E+003                  2.8389433587148560E+000                  1.2000000000000000E+000                  3.3377687156408292E+001                 -9.8999999999999986E+001                  0.0000000000000000E+000                  9.9999999888899993E-001                  3.4097384592057599E-002                  0.0000000000000000E+000                  0.0000000000000000E+000                  9.9999999888899993E-001                  3.4097384592057599E-002                  0.0000000000000000E+000                  0.0000000000000000E+000                 -4.5803928267618312E+000                  2.6278899453153358E-005                 -4.5803928267618312E+000                 -9.8999999999999986E+001                 -9.8999999999999986E+001                 -4.5803928267618312E+000                  2.6278899453153358E-005                 -4.5803928267625738E+000                 -1.6347341428231978E+001                 -9.8999999999999986E+001                 -2.0000000000000000E+001                 -2.0000000000000000E+001                 -2.0000000000000000E+001                 -2.0000000000000000E+001                 -2.0000000000000000E+001                 -2.0000000000000000E+001                 -2.0000000000000000E+001                 -2.0000000000000000E+001                  0.0000000000000000E+000                  0.0000000000000000E+000                  0.0000000000000000E+000                  0.0000000000000000E+000                  0.0000000000000000E+000                  3.6741305283360659E+000                  4.0324319502390332E-001                  3.7601370170431769E-001                  3.7652214699421225E+000                  0.0000000000000000E+000                  1.4612555817279516E+001                 -1.0498155412814189E-001                  6.5867628061599612E+000                  6.1296821959789360E-001                  8.5824770318911814E-001                  1.2743228965396869E+000                  7.1649999998415226E-001                  2.6947131985568568E-001                  2.3838810482634592E-003                  6.5489967737205638E-003                  2.3838810482634588E-003                  6.5489967737205734E-003                  8.5979999999912604E-001                  3.2336558373384811E-001                                        0                                        5 
                                     105                                      691                  1.0303881068130926E+004                  3.2348495889529802E+000                  1.2000000000000000E+000                  3.3377687156408292E+001                 -9.8999999999999986E+001                  0.0000000000000000E+000                  9.9999999895149994E-001                  3.4999751176666628E-002                  0.0000000000000000E+000                  0.0000000000000000E+000                  9.9999999895149994E-001                  3.4999751176666628E-002                  0.0000000000000000E+000                  0.0000000000000000E+000                 -4.5668994392623743E+000                  2.7108192484886651E-005                 -4.5668994392623743E+000                 -9.8999999999999986E+001                 -1.9867979713822756E+001                 -4.5668994392623743E+000                  2.7108192484886651E-005                 -4.5668994392631372E+000                 -1.6322325284106370E+001                 -9.8999999999999986E+001                 -2.0000000000000000E+001                 -2.0000000000000000E+001                 -2.0000000000000000E+001                 -2.0000000000000000E+001                 -2.0000000000000000E+001                 -2.0000000000000000E+001                 -2.0000000000000000E+001                 -2.0000000000000000E+001                  0.0000000000000000E+000                  0.0000000000000000E+000                  0.0000000000000000E+000                  0.0000000000000000E+000                  0.0000000000000000E+000                  3.6741071506455718E+000                  4.0150559435912209E-001                  3.7519165675291521E-001                  3.7668655598449274E+000                  0.0000000000000000E+000                  1.4615838384631987E+001                 -1.0243106285554535E-001                  6.5874950388208431E+000                  6.1296795112440494E-001                  8.5824770318614751E-001                  1.2743228965493347E+000                  7.1649999996011482E-001                  2.6947131997669349E-001                  2.3838810482634584E-003                  6.5489967737205629E-003                  2.3838810482634588E-003                  6.5489967737205734E-003                  8.5979999999779788E-001                  3.2336558373778257E-001                                        0                                        5 
                                     110                                      691                  2.5639353413867542E+004                  3.6307558191911045E+000                  1.2000000000000000E+000                  3.3377687156408292E+001                 -9.8999999999999986E+001                  0.0000000000000000E+000                  9.9999999895149994E-001                  3.7725159833392162E-002                  0.0000000000000000E+000                  0.0000000000000000E+000                  9.9999999895149994E-001                  3.7725159833392162E-002                  0.0000000000000000E+000                  0.0000000000000000E+000                 -4.5339686422838881E+000                  2.9243635204076269E-005                 -4.5339686422838872E+000                 -9.8999999999999986E+001                 -9.8999999999999986E+001                 -4.5339686422838881E+000                  2.9243635204076269E-005                 -4.5339686422847016E+000                 -1.6260950578370533E+001                 -9.8999999999999986E+001                 -2.0000000000000000E+001                 -2.0000000000000000E+001                 -2.0000000000000000E+001                 -2.0000000000000000E+001                 -2.0000000000000000E+001                 -2.0000000000000000E+001                 -2.0000000000000000E+001                 -2.0000000000000000E+001                  0.0000000000000000E+000                  0.0000000000000000E+000                  0.0000000000000000E+000                  0.0000000000000000E+000                  0.0000000000000000E+000                  3.6740487563616053E+000                  3.9722588765235739E-001                  3.7316859196746488E-001                  3.7709116894158279E+000                  0.0000000000000000E+000                  1.4623923248009071E+001                 -9.6141959533222757E-002                  6.5892912798719987E+000                  6.1296729481210499E-001                  8.5824770317851595E-001                  1.2743228965741202E+000                  7.1649999989797775E-001                  2.6947132029063758E-001                  2.3838810482634584E-003                  6.5489967737205612E-003                  2.3838810482634588E-003                  6.5489967737205734E-003                  8.5979999999433732E-001                  3.2336558374821728E-001                                        0                                        5 
                                     115                                      691                  6.3798915961210878E+004                  4.0266620494292287E+000                  1.2000000000000000E+000                  3.3377687156408292E+001                 -9.8999999999999986E+001                  0.0000000000000000E+000                  9.9999999895149994E-001                  4.3541445683029846E-002                  0.0000000000000000E+000                  0.0000000000000000E+000                  9.9999999895149994E-001                  4.3541445683029846E-002                  0.0000000000000000E+000                  0.0000000000000000E+000                 -4.4565504029288752E+000                  3.4950194508608671E-005                 -4.4565504029288752E+000                 -9.8999999999999986E+001                 -2.0169009709486737E+001                 -4.4565504029288752E+000                  3.4950194508608671E-005                 -4.4565504029298326E+000                 -1.6113449338283601E+001                 -9.8999999999999986E+001                 -2.0000000000000000E+001                 -2.0000000000000000E+001                 -2.0000000000000000E+001                 -2.0000000000000000E+001                 -2.0000000000000000E+001                 -2.0000000000000000E+001                 -2.0000000000000000E+001                 -2.0000000000000000E+001                  0.0000000000000000E+000                  0.0000000000000000E+000                  0.0000000000000000E+000                  0.0000000000000000E+000                  0.0000000000000000E+000                  3.6739023473225023E+000                  3.8684070261109316E-001                  3.6826881752503943E-001                  3.7807112383006789E+000                  0.0000000000000000E+000                  1.4643549564397542E+001                 -8.0832641981010908E-002                  6.5936099903532739E+000                  6.1296572934124605E-001                  8.5824770315799415E-001                  1.2743228966407711E+000                  7.1649999972943312E-001                  2.6947132114646705E-001                  2.3838810482634592E-003                  6.5489967737205629E-003                  2.3838810482634588E-003                  6.5489967737205734E-003                  8.5979999998472045E-001                  3.2336558377842411E-001                                        0                                        5 
                                     120                                      691                  1.5875211863901626E+005                  4.4225682796673524E+000                  1.2000000000000000E+000                  3.3377687156408292E+001                 -9.8999999999999986E+001                  0.0000000000000000E+000                  9.9999999901399994E-001                  5.7882869966060076E-002                  0.0000000000000000E+000                  0.0000000000000000E+000                  9.9999999901399994E-001                  5.7882869966060076E-002                  0.0000000000000000E+000                  0.0000000000000000E+000                 -4.2917698330154668E+000                  5.1077562864667079E-005                 -4.2917698330154668E+000                 -9.8999999999999986E+001                 -9.8999999999999986E+001                 -4.2917698330154668E+000                  5.1077562864667079E-005                 -4.2917698330168923E+000                 -1.5775394996269652E+001                 -9.8999999999999986E+001                 -2.0000000000000000E+001                 -2.0000000000000000E+001                 -2.0000000000000000E+001                 -2.0000000000000000E+001                 -2.0000000000000000E+001                 -2.0000000000000000E+001                 -2.0000000000000000E+001                 -2.0000000000000000E+001                  0.0000000000000000E+000                  0.0000000000000000E+000                  0.0000000000000000E+000                  0.0000000000000000E+000                  0.0000000000000000E+000                  3.6735342303862542E+000                  3.6250149745649196E-001                  3.5683544882023521E-001                  3.8035779757102874E+000                  0.0000000000000000E+000                  1.4689627600673560E+001                 -4.4655668991003629E-002                  6.6035180275504635E+000                  6.1296219743291058E-001                  8.5824770309668330E-001                  1.2743228968398952E+000                  7.1649999923894925E-001                  2.6947132359888470E-001                  2.3838810482634584E-003                  6.5489967737205603E-003                  2.3838810482634588E-003                  6.5489967737205734E-003                  8.5979999995386203E-001                  3.2336558388311254E-001                                        0                                        4 
                                     125                                      694                  3.9502607192625280E+005                  4.8184745099054762E+000                  1.2000000000000000E+000                  3.3377687156408292E+001                 -9.8999999999999986E+001                  0.0000000000000000E+000                  9.9999999917024995E-001                  9.5423284471334469E-002                  0.0000000000000000E+000                  0.0000000000000000E+000                  9.9999999917024995E-001                  9.5423284471334469E-002                  0.0000000000000000E+000                  0.0000000000000000E+000                 -4.0481163712209591E+000                  8.9512488054797957E-005                 -4.0481163712209591E+000                 -9.8999999999999986E+001                 -1.9566949718158774E+001                 -4.0481163712209591E+000                  8.9512488054797957E-005                 -4.0481163712250545E+000                 -1.5073566400943797E+001                 -9.8999999999999986E+001                 -2.0000000000000000E+001                 -2.0000000000000000E+001                 -2.0000000000000000E+001                 -2.0000000000000000E+001                 -2.0000000000000000E+001                 -2.0000000000000000E+001                 -2.0000000000000000E+001                 -2.0000000000000000E+001                  0.0000000000000000E+000                  0.0000000000000000E+000                  0.0000000000000000E+000                  0.0000000000000000E+000                  0.0000000000000000E+000                  3.6726947467057278E+000                  3.0989873946505558E-001                  3.3221303718556977E-001                  3.8528227989796182E+000                  0.0000000000000000E+000                  1.4790609326723581E+001                  3.5704138016165468E-002                  6.6241679860445535E+000                  6.1295503283405628E-001                  8.5824770286871910E-001                  1.2743228975802776E+000                  7.1649999793996344E-001                  2.6947132851962580E-001                  2.3838810482634584E-003                  6.5489967737205612E-003                  2.3838810482634592E-003                  6.5489967737205734E-003                  8.5979999982907651E-001                  3.2336558432939511E-001                                        0                                        5 
                                     130                                      696                  9.8295127536994929E+005                  5.2143807401436009E+000                  1.2000000000000000E+000                  3.3377687156408292E+001                 -9.8999999999999986E+001                  0.0000000000000000E+000                  9.9999999932649997E-001                  1.8360226740976654E-001                  0.0000000000000000E+000                  0.0000000000000000E+000                  9.9999999932649997E-001                  1.8360226740976654E-001                  0.0000000000000000E+000                  0.0000000000000000E+000                 -3.9048290465704656E+000                  1.2450045924850453E-004                 -3.9048290465704660E+000                 -9.8999999999999986E+001                 -1.8867979713822756E+001                 -3.9048290465704656E+000                  1.2450045924850453E-004                 -3.9048290466214732E+000                 -1.3834983530877496E+001                 -9.8999999999999986E+001                 -2.0000000000000000E+001                 -2.0000000000000000E+001                 -2.0000000000000000E+001                 -2.0000000000000000E+001                 -2.0000000000000000E+001                 -2.0000000000000000E+001                 -2.0000000000000000E+001                 -2.0000000000000000E+001                  0.0000000000000000E+000                  0.0000000000000000E+000                  0.0000000000000000E+000                  0.0000000000000000E+000                  0.0000000000000000E+000                  3.6709321124994760E+000                  2.1150936555366023E-001                  2.8654361864237432E-001                  3.9441616360660090E+000                  0.0000000000000000E+000                  1.4987765076481933E+001                  1.9595058168154941E-001                  6.6611635328022398E+000                  6.1294237036240340E-001                  8.5824770163194164E-001                  1.2743229015970801E+000                  7.1649999408001708E-001                  2.6947132971653881E-001                  2.3838810482634237E-003                  6.5489967737205612E-003                  2.3838810482634592E-003                  6.5489967737205734E-003                  8.5979999923026518E-001                  3.2336558586248931E-001                                        0                                        5 
                                     135                                      707                  2.2337773262406578E+006                  5.4783188510740324E+000                  1.2000000000000000E+000                  3.3377687156408292E+001                 -9.8999999999999986E+001                  0.0000000000000000E+000                  9.9999999957650021E-001                  3.4602139320108699E-001                  0.0000000000000000E+000                  0.0000000000000000E+000                  9.9999999957650021E-001                  3.4602139320108699E-001                  0.0000000000000000E+000                  0.0000000000000000E+000                 -3.7091704822369072E+000                  1.9535724306585180E-004                 -3.7091704822369072E+000                 -9.8999999999999986E+001                 -9.8999999999999986E+001                 -3.7091704822369072E+000                  1.9535724306585180E-004                 -3.7091704836691459E+000                 -1.2190939448839568E+001                 -9.8999999999999986E+001                 -2.0000000000000000E+001                 -2.0000000000000000E+001                 -2.0000000000000000E+001                 -2.0000000000000000E+001                 -2.0000000000000000E+001                 -2.0000000000000000E+001                 -2.0000000000000000E+001                 -2.0000000000000000E+001                  0.0000000000000000E+000                  0.0000000000000000E+000                  0.0000000000000000E+000                  0.0000000000000000E+000                  0.0000000000000000E+000                  3.6697457286192372E+000                  8.6232940429053578E-002                  2.2627817384054857E-001                  4.0646925256696607E+000                  0.0000000000000000E+000                  1.5284669690067053E+001                  4.4217066537615496E-001                  6.7119819778108845E+000                  6.1292403388664418E-001                  8.5824769320034855E-001                  1.2743229289811691E+000                  7.1649996878521049E-001                  2.6947132971700810E-001                  2.3838810482608558E-003                  6.5489967737202143E-003                  2.3838810482634588E-003                  6.5489967737205734E-003                  8.5979999584759337E-001                  3.2336558864749726E-001                                        0                                        5 
                                     140                                      714                  4.0943752275101105E+006                  5.5938982824436838E+000                  1.2000000000000000E+000                  3.3377687156408292E+001                 -9.8999999999999986E+001                  0.0000000000000000E+000                  9.9999999970150044E-001                  5.2972332503073216E-001                  0.0000000000000000E+000                  0.0000000000000000E+000                  9.9999999970150044E-001                  5.2972332503073216E-001                  0.0000000000000000E+000                  0.0000000000000000E+000                 -3.2741789199151592E+000                  5.3188908734517701E-004                 -3.2741789199151592E+000                 -9.8999999999999986E+001                 -1.8964889726830812E+001                 -3.2741789199151592E+000                  5.3188908734517701E-004                 -3.2741789431250883E+000                 -1.0546289431264562E+001                 -9.8999999999999986E+001                 -2.0000000000000000E+001                 -2.0000000000000000E+001                 -2.0000000000000000E+001                 -2.0000000000000000E+001                 -2.0000000000000000E+001                 -2.0000000000000000E+001                 -2.0000000000000000E+001                 -2.0000000000000000E+001                  0.0000000000000000E+000                  0.0000000000000000E+000                  0.0000000000000000E+000                  0.0000000000000000E+000                  0.0000000000000000E+000                  3.6740817467603546E+000                  2.8365271548839604E-003                  1.7590793092122972E-001                  4.1654330115082985E+000                  0.0000000000000000E+000                  1.5605018619958203E+001                  7.0894153101472712E-001                  6.7655846967442432E+000                  6.1290672037466554E-001                  8.5824764728314296E-001                  1.2743230781109229E+000                  7.1649983103367443E-001                  2.6947132971712268E-001                  2.3838810481139998E-003                  6.5489967737202117E-003                  2.3838810482634588E-003                  6.5489967737205734E-003                  8.5979997849957113E-001                  3.2336559103983586E-001                                        0                                        5 
                                     145                                      720                  6.4278154401839906E+006                  5.6654243109819635E+000                  1.2000000000000000E+000                  3.3377687156408292E+001                 -9.8999999999999986E+001                  0.0000000000000000E+000                  9.9999999977962539E-001                  6.9114815424736409E-001                  0.0000000000000000E+000                  0.0000000000000000E+000                  9.9999999977962539E-001                  6.9114815424736409E-001                  0.0000000000000000E+000                  0.0000000000000000E+000                 -2.7204584444578246E+000                  1.9034503608380264E-003                 -2.7204584444578246E+000                 -9.8999999999999986E+001                 -9.8999999999999986E+001                 -2.7204584444578246E+000                  1.9034503608380264E-003                 -2.7204587575963703E+000                 -8.8625063822252788E+000                 -9.8999999999999986E+001                 -2.0000000000000000E+001                 -2.0000000000000000E+001                 -2.0000000000000000E+001                 -2.0000000000000000E+001                 -2.0000000000000000E+001                 -2.0000000000000000E+001                 -2.0000000000000000E+001                 -2.0000000000000000E+001                  0.0000000000000000E+000                  0.0000000000000000E+000                  0.0000000000000000E+000                  0.0000000000000000E+000                  0.0000000000000000E+000                  3.6876747972958039E+000                 -1.0786462032057978E-002                  1.4191033525686028E-001                  4.2334282028370369E+000                  0.0000000000000000E+000                  1.5931822326895757E+001                  9.7709091292555028E-001                  6.8239928971976793E+000                  6.1289617426084964E-001                  8.5824742874337245E-001                  1.2743237878814233E+000                  7.1649917541816155E-001                  2.6947132972196036E-001                  2.3838810396464307E-003                  6.5489967737201917E-003                  2.3838810482634588E-003                  6.5489967737205734E-003                  8.5979989859275685E-001                  3.2336559256756225E-001                                        0                                        5 
                                     150                                      725                  9.1986510396625083E+006                  5.7240940505623801E+000                  1.2000000000000000E+000                  3.3377687156408292E+001                 -9.8999999999999986E+001                  0.0000000000000000E+000                  9.9999999984212518E-001                  8.2470924846927585E-001                  0.0000000000000000E+000                  0.0000000000000000E+000                  9.9999999984212518E-001                  8.2470924846927585E-001                  0.0000000000000000E+000                  0.0000000000000000E+000                 -2.0824824492992575E+000                  8.2702292952828299E-003                 -2.0824824492992580E+000                 -9.8999999999999986E+001                 -1.7158709752846928E+001                 -2.0824824492992575E+000                  8.2702292952828299E-003                 -2.0824884640840495E+000                 -6.9410496750423745E+000                 -9.8999999999999986E+001                 -2.0000000000000000E+001                 -2.0000000000000000E+001                 -2.0000000000000000E+001                 -2.0000000000000000E+001                 -2.0000000000000000E+001                 -2.0000000000000000E+001                 -2.0000000000000000E+001                 -2.0000000000000000E+001                  0.0000000000000000E+000                  0.0000000000000000E+000                  0.0000000000000000E+000                  0.0000000000000000E+000                  0.0000000000000000E+000                  3.7124172954621018E+000                  5.4297749411027572E-002                  1.2496744464580695E-001                  4.2673139840591441E+000                  0.0000000000000000E+000                  1.6287194574982859E+001                  1.2604337196306898E+000                  6.8953186841914693E+000                  6.1288919981903434E-001                  8.5824631851176580E-001                  1.2743273934617989E+000                  7.1649584502488484E-001                  2.6947133007330620E-001                  2.3838802672286408E-003                  6.5489967737160665E-003                  2.3838810482634588E-003                  6.5489967737205673E-003                  8.5979950607442279E-001                  3.2336559358896577E-001                                        0                                        5 
                                     155                                      729                  1.1835728884545740E+007                  5.7823367283953369E+000                  1.2000000000000000E+000                  3.3377687156408292E+001                 -9.8999999999999986E+001                  0.0000000000000000E+000                  9.9999999989525001E-001                  9.1447560723070642E-001                  0.0000000000000000E+000                  0.0000000000000000E+000                  9.9999999989525001E-001                  9.1447560723070642E-001                  0.0000000000000000E+000                  0.0000000000000000E+000                 -1.4492052675551530E+000                  3.5546327056105720E-002                 -1.4492052675551790E+000                 -9.8999999999999986E+001                 -1.4671571377369741E+001                 -1.4492052675551530E+000                  3.5546327056105720E-002                 -1.4493241520575035E+000                 -5.0119237756755979E+000                 -9.8999999999999986E+001                 -2.0000000000000000E+001                 -2.0000000000000000E+001                 -2.0000000000000000E+001                 -2.0000000000000000E+001                 -2.0000000000000000E+001                 -2.0000000000000000E+001                 -2.0000000000000000E+001                 -2.0000000000000000E+001                  0.0000000000000000E+000                  0.0000000000000000E+000                  0.0000000000000000E+000                  0.0000000000000000E+000                  0.0000000000000000E+000                  3.7412582741920337E+000                  1.7892064270094468E-001                  1.2959693383090196E-001                  4.2580550056889539E+000                  0.0000000000000000E+000                  1.6626357444846178E+001                  1.5216881638415904E+000                  6.9720921215617659E+000                  6.1288898959005034E-001                  8.5824171006602001E-001                  1.2743423383850463E+000                  7.1648204782825164E-001                  2.6947136553462514E-001                  2.3838163724996769E-003                  6.5489967729262522E-003                  2.3838810482634588E-003                  6.5489967737205664E-003                  8.5979790174653348E-001                  3.2336559507439849E-001                                        0                                        5 
                                     160                                      741                  1.4784687021056961E+007                  5.7656639936863598E+000                  1.2000000000000000E+000                  3.3377687156408292E+001                 -9.8999999999999986E+001                  0.0000000000000000E+000                  9.9999999993900002E-001                  9.8168897534807598E-001                  0.0000000000000000E+000                  0.0000000000000000E+000                  9.9999999993900002E-001                  9.8168897534807598E-001                  0.0000000000000000E+000                  0.0000000000000000E+000                 -6.3587611759280949E-001                  2.3127244002301139E-001                 -6.3587611759813090E-001                 -5.0182944167597164E+001                 -1.1547628273071709E+001                 -6.3587611759280949E-001                  2.3127244002301139E-001                 -6.4023766145577821E-001                 -2.6361991318400824E+000                 -5.0182944167597164E+001                 -2.0000000000000000E+001                 -2.0000000000000000E+001                 -2.0000000000000000E+001                 -2.0000000000000000E+001                 -2.0000000000000000E+001                 -2.0000000000000000E+001                 -2.0000000000000000E+001                 -2.0000000000000000E+001                  0.0000000000000000E+000                  0.0000000000000000E+000                  0.0000000000000000E+000                  0.0000000000000000E+000                  0.0000000000000000E+000                  3.7761680479317681E+000                  3.6624492572296063E-001                  1.5343952786244103E-001                  4.2103698176258755E+000                  0.0000000000000000E+000                  1.7010937482832567E+001                  1.8013703498686353E+000                  7.0752959072547998E+000                  6.1291785732798776E-001                  8.5821379615128968E-001                  1.2744232191699576E+000                  7.1641037788191975E-001                  2.6949129285894419E-001                  2.3704271525915818E-003                  6.5489966756190647E-003                  2.3838810482634588E-003                  6.5489967737205664E-003                  8.5978868946931697E-001                  3.2336603444398099E-001                                        0                                        5 
                                     165                                      769                  1.8345758971631262E+007                  5.9179097336588491E+000                  1.2000000000000000E+000                  3.3377687156408292E+001                 -9.8999999999999986E+001                  5.7633888864484971E-002                  4.3483038761302495E-002                  7.8130518499364143E-008                  9.9999999997650002E-001                  9.9881998781005854E-001                  4.3483038761302495E-002                  7.8130518499364143E-008                  9.9999999997650002E-001                  9.9881998781005854E-001                  2.3527892965036093E-001                  1.7190120841101884E+000                  2.3527892924633104E-001                 -4.4554505800172649E+001                 -8.7960918837708029E+000                  2.3527892965036093E-001                  1.7190120841101884E+000                  1.3045156862885374E-001                 -4.3339064803330318E-001                 -4.4554505800172649E+001                  0.0000000000000000E+000                 -2.0000000000000000E+001                 -2.0000000000000000E+001                  1.0831005919094913E+031                 -2.0000000000000000E+001                 -2.0000000000000000E+001                 -2.0000000000000000E+001                 -2.0000000000000000E+001                  0.0000000000000000E+000                  0.0000000000000000E+000                  0.0000000000000000E+000                  0.0000000000000000E+000                  0.0000000000000000E+000                  3.8043763386163971E+000                  3.9750468485581641E-001                  1.1265282605961131E-001                  4.2919432212315352E+000                  0.0000000000000000E+000                  1.7225007908314996E+001                  1.9082492740245030E+000                  7.1821909110303448E+000                  6.1305092543889805E-001                  8.5805525207850852E-001                  1.2748045317879204E+000                  7.1613670481170821E-001                  2.6972810568448136E-001                  1.6427678068140455E-003                  6.5489256287830566E-003                  2.3838810482634588E-003                  6.5489967737205664E-003                  8.5974122829816901E-001                  3.2339291064665110E-001                                        0                                        5 
                                     170                                      787                  2.5331222889811952E+007                  6.2892539157682528E+000                  1.2000000000000000E+000                  3.3377687156408292E+001                 -9.8999999999999986E+001                  1.0465770971241353E-001                  8.5097039447108613E-002                  7.8130518110786085E-008                  9.9999999998275002E-001                  9.9850746260958423E-001                  8.5097039447108613E-002                  7.8130518110786085E-008                  9.9999999998275002E-001                  9.9850746260958423E-001                  2.6474971279126652E-001                  1.8397114562118764E+000                  2.6474971207899345E-001                 -4.4017428438077566E+001                 -8.5203880640508238E+000                  2.6474971279126652E-001                  1.8397114562118764E+000                  1.8908137684912418E-001                 -5.3140539717304303E-001                 -4.4017428438077566E+001                  0.0000000000000000E+000                 -2.0000000000000000E+001                 -2.0000000000000000E+001                  9.0367185636084041E+030                 -2.0000000000000000E+001                 -2.0000000000000000E+001                 -2.0000000000000000E+001                 -2.0000000000000000E+001                  0.0000000000000000E+000                  0.0000000000000000E+000                  0.0000000000000000E+000                  0.0000000000000000E+000                  0.0000000000000000E+000                  3.8032563797461258E+000                  2.8347319225570428E-001                  5.7876997500098171E-002                  4.4014948783505616E+000                  0.0000000000000000E+000                  1.7231639978178762E+001                  1.9044460844983400E+000                  7.1929231460630669E+000                  6.1336415497969221E-001                  8.5774026517939805E-001                  1.2756682539377255E+000                  7.1549476774286824E-001                  2.7017546670026132E-001                  5.2991200488220489E-004                  6.5486539944634957E-003                  2.3838810482634588E-003                  6.5489967737205664E-003                  8.5959497160500808E-001                  3.2348660832566423E-001                                        0                                        5 
                                     175                                      782                  4.2713292466699325E+007                  6.6851601460063765E+000                  1.2000000000000000E+000                  3.3377687156408292E+001                 -9.8999999999999986E+001                  3.0727714410775965E-002                  2.4470067956684549E-002                  7.8130518110786085E-008                  9.9999999998275002E-001                  9.9912961706846715E-001                  2.4470067956684549E-002                  7.8130518110786085E-008                  9.9999999998275002E-001                  9.9912961706846715E-001                  3.0120644553008008E-001                  2.0008127467572780E+000                  3.0120644440436622E-001                 -4.3543298790818369E+001                 -8.2851498538514790E+000                  3.0120644553008008E-001                  2.0008127467572780E+000                  2.8363939477836952E-001                 -1.1006329564302970E+000                 -4.3543298790818369E+001                 -2.0000000000000000E+001                 -2.0000000000000000E+001                 -2.0000000000000000E+001                 -2.0000000000000000E+001                 -2.0000000000000000E+001                 -2.0000000000000000E+001                 -2.0000000000000000E+001                 -2.0000000000000000E+001                  0.0000000000000000E+000                  0.0000000000000000E+000                  0.0000000000000000E+000                  0.0000000000000000E+000                  0.0000000000000000E+000                  3.8080810479476783E+000                  3.0421483160787505E-001                  5.8598480773077541E-002                  4.4000519118046029E+000                  0.0000000000000000E+000                  1.7283108453211668E+001                  1.9484934015500490E+000                  7.2007225704001225E+000                  6.1432023971765071E-001                  8.5672833096181278E-001                  1.2781980843597798E+000                  7.1345973042338240E-001                  2.7212282085808859E-001                  1.5404792444415372E-005                  6.5461562760980464E-003                  2.3838810482634588E-003                  6.5489967737205664E-003                  8.5924320531583132E-001                  3.2378497463692157E-001                                        0                                        5 
                                     180                                      776                  8.5965443836259678E+007                  7.0810663762445012E+000                  1.2000000000000000E+000                  3.3377687156408292E+001                 -9.8999999999999986E+001                  1.7953943426790069E-002                  1.4395756021551576E-002                  7.8130518110786085E-008                  9.9999999998275002E-001                  9.9920000685732280E-001                  1.4395756021551576E-002                  7.8130518110786085E-008                  9.9999999998275002E-001                  9.9920000685732280E-001                  3.0836151873621021E-001                  2.0340495054544467E+000                  3.0836151749394214E-001                 -4.3404618231905445E+001                 -8.2352074648904949E+000                  3.0836151873621021E-001                  2.0340495054544467E+000                  2.9752802342475793E-001                 -1.3000597309115871E+000                 -4.3404618231905445E+001                 -2.0000000000000000E+001                 -2.0000000000000000E+001                 -2.0000000000000000E+001                 -2.0000000000000000E+001                 -2.0000000000000000E+001                 -2.0000000000000000E+001                 -2.0000000000000000E+001                 -2.0000000000000000E+001                  0.0000000000000000E+000                  0.0000000000000000E+000                  0.0000000000000000E+000                  0.0000000000000000E+000                  0.0000000000000000E+000                  3.8085860058659819E+000                  3.0854655958643734E-001                  5.9754428925752001E-002                  4.3977400154992532E+000                  0.0000000000000000E+000                  1.7289722049989319E+001                  1.9550008738587363E+000                  7.2028013526388923E+000                  6.1715646669106838E-001                  8.5370815424767565E-001                  1.2856417942665790E+000                  7.0742058131779295E-001                  2.7816363430837371E-001                  1.3364400761561450E-005                  6.5342882897701498E-003                  2.3838810482634592E-003                  6.5489967737205664E-003                  8.5836118920542270E-001                  3.2459550998896208E-001                                        0                                        5 
                                     185                                      776                  1.9359063713216412E+008                  7.4769726064826250E+000                  1.2000000000000000E+000                  3.3377687156408292E+001                 -9.8999999999999986E+001                  1.8389497198443201E-002                  1.4395756021551520E-002                  7.8130518055274933E-008                  9.9999999998275002E-001                  9.9924595989484855E-001                  1.4395756021551520E-002                  7.8130518055274933E-008                  9.9999999998275002E-001                  9.9924595989484855E-001                  3.1594390489902729E-001                  2.0698739788529164E+000                  3.1594390346188550E-001                 -4.3169092324848584E+001                 -8.1643407871403113E+000                  3.1594390489902729E-001                  2.0698739788529164E+000                  3.0837462192930709E-001                 -1.4465648930424162E+000                 -4.3169092324848584E+001                 -2.0000000000000000E+001                 -2.0000000000000000E+001                 -2.0000000000000000E+001                 -2.0000000000000000E+001                 -2.0000000000000000E+001                 -2.0000000000000000E+001                 -2.0000000000000000E+001                 -2.0000000000000000E+001                  0.0000000000000000E+000                  0.0000000000000000E+000                  0.0000000000000000E+000                  0.0000000000000000E+000                  0.0000000000000000E+000                  3.8090421880671039E+000                  3.1602552938813699E-001                  6.2581549424356897E-002                  4.3920857745020436E+000                  0.0000000000000000E+000                  1.7297630324763080E+001                  1.9648322072226929E+000                  7.2060068512096667E+000                  6.2453242745326698E-001                  8.4599425677910489E-001                  1.3050535154164580E+000                  6.9199544877332952E-001                  2.9358795425402656E-001                  1.3540036691843741E-005                  6.5001805929457571E-003                  2.3838810482634592E-003                  6.5489967737205664E-003                  8.5617620941299710E-001                  3.2668671294161356E-001                                        0                                        5 
                                     190                                      777                  4.6139655811422896E+008                  7.8728788367207496E+000                  1.2000000000000000E+000                  3.3377687156408292E+001                 -9.8999999999999986E+001                  1.7130264433582999E-002                  1.2456768346297331E-002                  7.8130518110786085E-008                  9.9999999998275002E-001                  9.9932123886062274E-001                  1.2456768346297331E-002                  7.8130518110786085E-008                  9.9999999998275002E-001                  9.9932123886062274E-001                  3.3206780194845115E-001                  2.1481658190759156E+000                  3.3206779995881774E-001                 -4.2628133915183049E+001                 -8.0069434431081579E+000                  3.3206780194845115E-001                  2.1481658190759156E+000                  3.2459403759868782E-001                 -1.4359087488778715E+000                 -4.2628133915183049E+001                 -2.0000000000000000E+001                 -2.0000000000000000E+001                 -2.0000000000000000E+001                 -2.0000000000000000E+001                 -2.0000000000000000E+001                 -2.0000000000000000E+001                 -2.0000000000000000E+001                 -2.0000000000000000E+001                  0.0000000000000000E+000                  0.0000000000000000E+000                  0.0000000000000000E+000                  0.0000000000000000E+000                  0.0000000000000000E+000                  3.8098417653000327E+000                  3.3212986160230740E-001                  6.9034561065584935E-002                  4.3791797512195876E+000                  0.0000000000000000E+000                  1.7315351734239918E+001                  1.9887637929497068E+000                  7.2133012767544411E+000                  6.4428444291281617E-001                  8.2608798034534248E-001                  1.3579636437788625E+000                  6.5219096971743296E-001                  3.3338889447857206E-001                  1.4005864109041872E-005                  6.3893636961591827E-003                  2.3838810482634592E-003                  6.5489967737205664E-003                  8.5064045577704517E-001                  3.3210349602194444E-001                                        0                                        5 
                                     195                                      776                  8.2827119507523561E+008                  7.8099441477867533E+000                  1.2000000000000000E+000                  3.3377687156408292E+001                 -9.8999999999999986E+001                  1.3966628240699075E-002                  1.0831992896949638E-002                  7.8130518110786085E-008                  9.9999999998275002E-001                  9.9942273047986308E-001                  1.0831992896949638E-002                  7.8130518110786085E-008                  9.9999999998275002E-001                  9.9942273047986308E-001                  3.5396650084883358E-001                  2.2592614961638180E+000                  3.5396649769183208E-001                 -4.1876492347330050E+001                 -7.7845430250711507E+000                  3.5396650084883358E-001                  2.2592614961638180E+000                  3.4417030188312819E-001                 -1.2976492472048928E+000                 -4.1876492347330050E+001                 -2.0000000000000000E+001                 -2.0000000000000000E+001                 -2.0000000000000000E+001                 -2.0000000000000000E+001                 -2.0000000000000000E+001                 -2.0000000000000000E+001                 -2.0000000000000000E+001                 -2.0000000000000000E+001                  0.0000000000000000E+000                  0.0000000000000000E+000                  0.0000000000000000E+000                  0.0000000000000000E+000                  0.0000000000000000E+000                  3.8107580299958350E+000                  3.5401370474829524E-001                  7.8143953246974138E-002                  4.3609609668568092E+000                  0.0000000000000000E+000                  1.7340651639866856E+001                  2.0239838312284433E+000                  7.2239142521734117E+000                  6.7556558685014378E-001                  7.9701109112905422E-001                  1.4434402564771800E+000                  5.9405230368707629E-001                  3.9151900277508245E-001                  1.4666322786971256E-005                  6.1577300613113685E-003                  2.3838810482634592E-003                  6.5489967737205664E-003                  8.4274684386057486E-001                  3.3990401180177021E-001                                        0                                        5 
                                     200                                      774                  1.1346651739552414E+009                  7.7718804347695238E+000                  1.2000000000000000E+000                  3.3377687156408292E+001                 -9.8999999999999986E+001                  1.1774258630304603E-002                  7.5824419982540303E-003                  7.8130518110786085E-008                  9.9999999998275002E-001                  9.9948951011705189E-001                  7.5824419982540303E-003                  7.8130518110786085E-008                  9.9999999998275002E-001                  9.9948951011705189E-001                  3.7255473406718809E-001                  2.3580593630960838E+000                  3.7255472933234807E-001                 -4.1227857731641699E+001                 -7.5899242712619603E+000                  3.7255473406718809E-001                  2.3580593630960838E+000                  3.5944250413164824E-001                 -1.1540927999310666E+000                 -4.1227857731641699E+001                 -2.0000000000000000E+001                 -2.0000000000000000E+001                 -2.0000000000000000E+001                 -2.0000000000000000E+001                 -2.0000000000000000E+001                 -2.0000000000000000E+001                 -2.0000000000000000E+001                 -2.0000000000000000E+001                  0.0000000000000000E+000                  0.0000000000000000E+000                  0.0000000000000000E+000                  0.0000000000000000E+000                  0.0000000000000000E+000                  3.8113586792059806E+000                  3.7258792189646833E-001                  8.6229763400770112E-002                  4.3447893465492173E+000                  0.0000000000000000E+000                  1.7363111616416433E+001                  2.0562023308717658E+000                  7.2335525172002439E+000                  7.0643916868454482E-001                  7.7076181490390416E-001                  1.5303966159460594E+000                  5.4157134450161448E-001                  4.4399136580818088E-001                  1.5507183266971368E-005                  5.8572627784793238E-003                  2.3838810482634592E-003                  6.5489967737205664E-003                  8.3585518522909041E-001                  3.4674219050857813E-001                                        0                                        5 
                                     205                                      773                  1.4122027121106265E+009                  7.7307259852137369E+000                  1.2000000000000000E+000                  3.3377687156408292E+001                 -9.8999999999999986E+001                  1.1194320099122993E-002                  7.5824419982538083E-003                  7.8130517888741480E-008                  9.9999999998275002E-001                  9.9953657230042936E-001                  7.5824419982538083E-003                  7.8130517888741480E-008                  9.9999999998275002E-001                  9.9953657230042936E-001                  3.8959210589572413E-001                  2.4524045086857678E+000                  3.8959209892728502E-001                 -4.0609962626248105E+001                 -7.4050567026598531E+000                  3.8959210589572413E-001                  2.4524045086857678E+000                  3.7192541742748175E-001                 -1.0098406296998443E+000                 -4.0609962626248105E+001                 -2.0000000000000000E+001                 -2.0000000000000000E+001                 -2.0000000000000000E+001                 -2.0000000000000000E+001                 -2.0000000000000000E+001                 -2.0000000000000000E+001                 -2.0000000000000000E+001                 -2.0000000000000000E+001                  0.0000000000000000E+000                  0.0000000000000000E+000                  0.0000000000000000E+000                  0.0000000000000000E+000                  0.0000000000000000E+000                  3.8117205670367187E+000                  3.8960636820898198E-001                  9.4015210895551454E-002                  4.3292184515596546E+000                  0.0000000000000000E+000                  1.7384233096039225E+001                  2.0880349147209158E+000                  7.2429832175023368E+000                  7.4007912110960228E-001                  7.4476245167258226E-001                  1.6274996531812038E+000                  4.8959295791873231E-001                  4.9596429750706622E-001                  1.6472567853515116E-005                  5.4519176719340185E-003                  2.3838810482634592E-003                  6.5489967737205664E-003                  8.2935314958086592E-001                  3.5320620794817542E-001                                        0                                        5 
                                     210                                      773                  1.6700290591285405E+009                  7.6996284768259917E+000                  1.2000000000000000E+000                  3.3377687156408292E+001                 -9.8999999999999986E+001                  1.1413549884645661E-002                  7.5824419982538083E-003                  7.8130517888741480E-008                  9.9999999998275002E-001                  9.9956813531647226E-001                  7.5824419982538083E-003                  7.8130517888741480E-008                  9.9999999998275002E-001                  9.9956813531647226E-001                  4.0549579189850027E-001                  2.5438751441021967E+000                  4.0549578175784351E-001                 -4.0006532499971406E+001                 -7.2262224416402745E+000                  4.0549579189850027E-001                  2.5438751441021967E+000                  3.8146528774318300E-001                 -8.6348567635682727E-001                 -4.0006532499971406E+001                  0.0000000000000000E+000                 -2.0000000000000000E+001                 -2.0000000000000000E+001                  1.7980926773098916E+030                 -2.0000000000000000E+001                 -2.0000000000000000E+001                 -2.0000000000000000E+001                 -2.0000000000000000E+001                  0.0000000000000000E+000                  0.0000000000000000E+000                  0.0000000000000000E+000                  0.0000000000000000E+000                  0.0000000000000000E+000                  3.8118590377077344E+000                  4.0548789326318924E-001                  1.0167903208062309E-001                  4.3138908091895116E+000                  0.0000000000000000E+000                  1.7404633613336081E+001                  2.1199716310888306E+000                  7.2524921470012513E+000                  7.7679009179631664E-001                  7.1882129246613102E-001                  1.7374867296559802E+000                  4.3773098180149123E-001                  5.4783282745775164E-001                  1.7893779268880042E-005                  4.9450101485906152E-003                  2.3838810482634588E-003                  6.5489967737205621E-003                  8.2307652548455679E-001                  3.5945316602319133E-001                                        0                                        5 
                                     215                                      774                  1.9087726717232783E+009                  7.6641929186793876E+000                  1.2000000000000000E+000                  3.3377687156408292E+001                 -9.8999999999999986E+001                  1.3100946375964937E-002                  1.0831992896949638E-002                  7.8130518110786085E-008                  9.9999999998275002E-001                  9.9958522061265009E-001                  1.0831992896949638E-002                  7.8130518110786085E-008                  9.9999999998275002E-001                  9.9958522061265009E-001                  4.2007309671723514E-001                  2.6307107332717639E+000                  4.2007308217526207E-001                 -3.9439434709237673E+001                 -7.0550878854637791E+000                  4.2007309671723514E-001                  2.6307107332717639E+000                  3.8715181550101679E-001                 -7.1659134887783460E-001                 -3.9439434709237673E+001                  0.0000000000000000E+000                 -2.0000000000000000E+001                 -2.0000000000000000E+001                  6.9717456522108076E+030                 -2.0000000000000000E+001                 -2.0000000000000000E+001                 -2.0000000000000000E+001                 -2.0000000000000000E+001                  0.0000000000000000E+000                  0.0000000000000000E+000                  0.0000000000000000E+000                  0.0000000000000000E+000                  0.0000000000000000E+000                  3.8117427984848691E+000                  4.2003589792110652E-001                  1.0918551285531197E-001                  4.2988778476401333E+000                  0.0000000000000000E+000                  1.7423307081216805E+001                  2.1480485409158754E+000                  7.2618347421509730E+000                  8.1116242473834321E-001                  6.9680042836528211E-001                  1.8432272086302404E+000                  3.9370137318659298E-001                  5.9188396104115770E-001                  1.9466587109124419E-005                  4.5052869099657458E-003                  2.3838810482634588E-003                  6.5489967737205621E-003                  8.1705133059526458E-001                  3.6545406852286166E-001                                        0                                        5 
                                     220                                      770                  2.1795428231674948E+009                  7.6585195195579745E+000                  1.2000000000000000E+000                  3.3377687156408292E+001                 -9.8999999999999986E+001                  1.9094875013979471E-002                  1.4395756021551576E-002                  7.8130518110786085E-008                  9.9999999998275002E-001                  9.9958579101131539E-001                  1.4395756021551576E-002                  7.8130518110786085E-008                  9.9999999998275002E-001                  9.9958579101131539E-001                  4.3597647245433402E-001                  2.7288299466900252E+000                  4.3597645029321830E-001                 -3.8753623523171122E+001                 -6.8562162284233290E+000                  4.3597647245433402E-001                  2.7288299466900252E+000                  3.8657453236717043E-001                 -5.3253088651802649E-001                 -3.8753623523171122E+001                  0.0000000000000000E+000                 -2.0000000000000000E+001                 -2.0000000000000000E+001                  1.4483690656119208E+031                 -2.0000000000000000E+001                 -2.0000000000000000E+001                 -2.0000000000000000E+001                 -2.0000000000000000E+001                  0.0000000000000000E+000                  0.0000000000000000E+000                  0.0000000000000000E+000                  0.0000000000000000E+000                  0.0000000000000000E+000                  3.8111773608446757E+000                  4.3589078780180024E-001                  1.1824383307604550E-001                  4.2807612071986663E+000                  0.0000000000000000E+000                  1.7444280459080137E+001                  2.1823336062786369E+000                  7.2734410571745958E+000                  8.5896042538726147E-001                  6.6893055424111236E-001                  1.9970321665390238E+000                  3.3796997006141627E-001                  6.4767682772329760E-001                  2.2625374473985770E-005                  3.8415686517155340E-003                  2.3838810482634588E-003                  6.5489967737205621E-003                  8.0995694642925764E-001                  3.7252306279528408E-001                                        0                                        5 
                                     225                                      781                  2.5863298441280937E+009                  8.0544257497960992E+000                  1.2000000000000000E+000                  3.3377687156408292E+001                 -9.8999999999999986E+001                  3.3890654747920149E-002                  2.6811443892867159E-002                  7.8130518166297236E-008                  9.9999999998275002E-001                  9.9954378355380635E-001                  2.6811443892867159E-002                  7.8130518166297236E-008                  9.9999999998275002E-001                  9.9954378355380635E-001                  4.5742010669026606E-001                  2.8669499196800263E+000                  4.5742006597373613E-001                 -3.7838748106909712E+001                 -6.5705934667306671E+000                  4.5742010669026606E-001                  2.8669499196800263E+000                  3.6329432487586771E-001                 -2.5286903514350151E-001                 -3.7838748106909712E+001                  0.0000000000000000E+000                 -2.0000000000000000E+001                 -2.0000000000000000E+001                  2.7276383655495335E+031                 -2.0000000000000000E+001                 -2.0000000000000000E+001                 -2.0000000000000000E+001                 -2.0000000000000000E+001                  0.0000000000000000E+000                  0.0000000000000000E+000                  0.0000000000000000E+000                  0.0000000000000000E+000                  0.0000000000000000E+000                  3.8091089391970212E+000                  4.5723072573209933E-001                  1.3305064533650487E-001                  4.2511475826777474E+000                  0.0000000000000000E+000                  1.7467383153975202E+001                  2.2164525436342646E+000                  7.2900235580039414E+000                  9.1537126451814554E-001                  6.3998494280887319E-001                  2.1865410494966260E+000                  2.8006709580178368E-001                  7.0569045438986466E-001                  2.7216232592996046E-005                  3.2495754462461310E-003                  2.3838810482634588E-003                  6.5489967737205621E-003                  7.9876554382606424E-001                  3.8367724010490878E-001                                        0                                        5 
                                     230                                      802                  3.2055959007425380E+009                  8.0350072446408305E+000                  1.2000000000000000E+000                  3.3377687156408292E+001                 -9.8999999999999986E+001                  5.1652343046418754E-002                  4.2884224593164266E-002                  7.8130518416097416E-008                  9.9999999997650013E-001                  9.9919332157324869E-001                  4.2884224593164266E-002                  7.8130518416097416E-008                  9.9999999997650013E-001                  9.9919332157324869E-001                  4.8229168304015180E-001                  3.0359295058392228E+000                  4.8229159549842193E-001                 -3.6379411491088263E+001                 -6.2132775480293603E+000                  4.8229168304015180E-001                  3.0359295058392228E+000                  2.4004999072955974E-001                  1.1325060785831069E-001                 -3.6379411491088263E+001                  0.0000000000000000E+000                 -2.0000000000000000E+001                 -2.0000000000000000E+001                  4.0832765532484984E+031                 -2.0000000000000000E+001                 -2.0000000000000000E+001                 -2.0000000000000000E+001                 -2.0000000000000000E+001                  0.0000000000000000E+000                  0.0000000000000000E+000                  0.0000000000000000E+000                  0.0000000000000000E+000                  0.0000000000000000E+000                  3.8021935940613045E+000                  4.8190101733111079E-001                  1.5921648140744335E-001                  4.1988159105358713E+000                  0.0000000000000000E+000                  1.7495547142159289E+001                  2.2772242573419619E+000                  7.3173773610507906E+000                  1.0505231642111830E+000                  5.8299465742531131E-001                  2.6889420609673715E+000                  1.6604383503545969E-001                  8.1998583894154797E-001                  3.8551505363356581E-005                  2.1460099818133732E-003                  2.3838810482634588E-003                  6.5489967737205621E-003                  7.8062232757895433E-001                  4.0175563753989796E-001                                        0                                        5 
                                     235                                      816                  3.5001916984818511E+009                  7.5867149592624221E+000                  1.2000000000000000E+000                  3.3377687156408292E+001                 -9.8999999999999986E+001                  6.0188750181609178E-002                  5.0005691759136550E-002                  7.8130518110786085E-008                  9.9999999997181255E-001                  9.9864025515829302E-001                  5.0005691759136550E-002                  7.8130518110786085E-008                  9.9999999997181255E-001                  9.9864025515829302E-001                  4.9257621267819646E-001                  3.1086813854866908E+000                  4.9257609662275920E-001                 -3.5754010203848864E+001                 -6.0805426643919445E+000                  4.9257621267819646E-001                  3.1086813854866908E+000                  1.4965866732342203E-001                  2.2974652213999380E-001                 -3.5754010203848864E+001                  0.0000000000000000E+000                 -2.0000000000000000E+001                 -2.0000000000000000E+001                  4.6396988284885064E+031                 -2.0000000000000000E+001                 -2.0000000000000000E+001                 -2.0000000000000000E+001                 -2.0000000000000000E+001                  0.0000000000000000E+000                  0.0000000000000000E+000                  0.0000000000000000E+000                  0.0000000000000000E+000                  0.0000000000000000E+000                  3.7977225573244371E+000                  4.9213680309725005E-001                  1.7327644776424789E-001                  4.1706959778222616E+000                  0.0000000000000000E+000                  1.7506503794251866E+001                  2.3003349478874169E+000                  7.3297515660927317E+000                  1.1113180594760803E+000                  5.6168916163790450E-001                  2.9416553004726942E+000                  1.2341690819725751E-001                  8.6269851710355661E-001                  4.3011965246571174E-005                  1.8532397245102437E-003                  2.3838810482634588E-003                  6.5489967737205621E-003                  7.7160612587514765E-001                  4.1073670620665986E-001                                        0                                        5 
                                     240                                      840                  3.6672406064610648E+009                  7.4983231357950553E+000                  1.2000000000000000E+000                  3.3377687156408292E+001                 -9.8999999999999986E+001                  5.7386372699337031E-002                  4.7049991284953657E-002                  7.8130517805474753E-008                  9.9999999996400002E-001                  9.9823985468721399E-001                  4.7049991284953657E-002                  7.8130517805474753E-008                  9.9999999996400002E-001                  9.9823985468721399E-001                  5.0006340744187072E-001                  3.1627393896709615E+000                  5.0006327051141819E-001                 -3.4979814230188268E+001                 -6.0012209291723932E+000                  5.0006340744187072E-001                  3.1627393896709615E+000                  9.5797528366407439E-002                  2.8238106196153046E-001                 -3.4979814230188268E+001                  0.0000000000000000E+000                 -2.0000000000000000E+001                 -2.0000000000000000E+001                  4.5719496628237641E+031                 -2.0000000000000000E+001                 -2.0000000000000000E+001                 -2.0000000000000000E+001                 -2.0000000000000000E+001                  5.9859045087254391E-002                  0.0000000000000000E+000                  0.0000000000000000E+000                  0.0000000000000000E+000                  0.0000000000000000E+000                  3.7952838807931628E+000                  4.9984274658836397E-001                  1.8200677257235395E-001                  4.1532353282060495E+000                  0.0000000000000000E+000                  1.7536174858561068E+001                  2.3479199742345656E+000                  7.3447256217428274E+000                  1.1999095206201464E+000                  5.3489120015735614E-001                  3.3359865451953521E+000                  6.9807557505443069E-002                  9.1640303819204516E-001                  4.8997021899534661E-005                  1.4265955881869151E-003                  2.3838810482634592E-003                  6.5489967737205621E-003                  7.6639314440463158E-001                  4.1592821426768944E-001                                        0                                        5 
                                     245                                      862                  3.7821020400792665E+009                  7.2124094782869674E+000                  1.2000000000000000E+000                  3.3377687156408292E+001                 -9.8999999999999986E+001                  5.0090768149084433E-002                  4.0975904672926222E-002                  7.8130517722208026E-008                  9.9999999996400002E-001                  9.9830882563119416E-001                  4.0975904672926222E-002                  7.8130517722208026E-008                  9.9999999996400002E-001                  9.9830882563119416E-001                  5.1626518699047796E-001                  3.2829569439888253E+000                  5.1626503556855796E-001                 -3.4032896599906216E+001                 -5.9413304511494562E+000                  5.1626518699047796E-001                  3.2829569439888253E+000                  1.2421046884262837E-001                  2.9044787573098324E-001                 -3.4032896599906216E+001                  0.0000000000000000E+000                 -2.0000000000000000E+001                 -2.0000000000000000E+001                  4.2554960763055899E+031                 -2.0000000000000000E+001                 -2.0000000000000000E+001                 -2.0000000000000000E+001                 -2.0000000000000000E+001                  5.9859045087254294E-002                  0.0000000000000000E+000                  0.0000000000000000E+000                  0.0000000000000000E+000                  0.0000000000000000E+000                  3.7960675316623727E+000                  5.1718628636947062E-001                  1.8911124072448662E-001                  4.1390263919017842E+000                  0.0000000000000000E+000                  1.7597091214234283E+001                  2.4162055422992039E+000                  7.3633179412114167E+000                  1.2752497786569787E+000                  5.1469084699906020E-001                  3.7109984581811117E+000                  2.9399340517182841E-002                  9.5686736737944877E-001                  5.4811085461869536E-005                  1.1689672923020297E-003                  2.3838810482634592E-003                  6.5489967737205621E-003                  7.6271792047752496E-001                  4.1959844064994545E-001                                        0                                        5 
                                     250                                      886                  3.8302060851390214E+009                  6.7993910468504302E+000                  1.2000000000000000E+000                  3.3377687156408292E+001                 -9.8999999999999986E+001                  3.8700765428730265E-002                  3.1026407516999976E-002                  7.8130517666696875E-008                  9.9999999996400002E-001                  9.9887962624186510E-001                  3.1026407516999976E-002                  7.8130517666696875E-008                  9.9999999996400002E-001                  9.9887962624186510E-001                  5.3840840949527613E-001                  3.4546846434676994E+000                  5.3840826573836187E-001                 -3.3234110521224771E+001                 -5.9417472316091207E+000                  5.3840840949527613E-001                  3.4546846434676994E+000                  2.2364067718308336E-001                  2.5069460686547684E-001                 -3.3234110521224771E+001                  0.0000000000000000E+000                 -2.0000000000000000E+001                 -2.0000000000000000E+001                  3.6380310167619124E+031                 -2.0000000000000000E+001                 -2.0000000000000000E+001                 -2.0000000000000000E+001                 -2.0000000000000000E+001                  6.0597970205799871E-002                  0.0000000000000000E+000                  0.0000000000000000E+000                  0.0000000000000000E+000                  0.0000000000000000E+000                  3.7997854459242020E+000                  5.4227276581772121E-001                  1.9421865192495319E-001                  4.1288115695008516E+000                  0.0000000000000000E+000                  1.7678650245213106E+001                  2.4944569293679777E+000                  7.3785006429040854E+000                  1.3125376336539294E+000                  5.0577858810303500E-001                  3.9046587274938069E+000                  1.1572111517456039E-002                  9.7471656849879829E-001                  5.9266786709639014E-005                  1.0667312214916915E-003                  2.3838810482634588E-003                  6.5489967737205621E-003                  7.6112021876318237E-001                  4.2120814239446647E-001                                        0                                        5 
                                     251                                      872                  3.8353867039797616E+009                  6.7143816406459784E+000                  1.2000000000000000E+000                  3.3377687156408292E+001                 -9.8999999999999986E+001                  3.5889980841231454E-002                  2.9756732110007567E-002                  7.8130517444652270E-008                  9.9999999996400002E-001                  9.9899229972927550E-001                  2.9756732110007567E-002                  7.8130517444652270E-008                  9.9999999996400002E-001                  9.9899229972927550E-001                  5.4297280664554559E-001                  3.4911845473774745E+000                  5.4297266756063667E-001                 -3.3113947113313898E+001                 -5.9515315634904340E+000                  5.4297280664554559E-001                  3.4911845473774745E+000                  2.4576601682628035E-001                  2.3808536867972299E-001                 -3.3113947113313898E+001                  0.0000000000000000E+000                 -2.0000000000000000E+001                 -2.0000000000000000E+001                  3.4474432635178432E+031                 -2.0000000000000000E+001                 -2.0000000000000000E+001                 -2.0000000000000000E+001                 -2.0000000000000000E+001                  6.0597970205799594E-002                  0.0000000000000000E+000                  0.0000000000000000E+000                  0.0000000000000000E+000                  0.0000000000000000E+000                  3.8006128675080211E+000                  5.4755222986430629E-001                  1.9520354078060814E-001                  4.1268417917895412E+000                  0.0000000000000000E+000                  1.7696251963930926E+001                  2.5111177665408984E+000                  7.3806226709521754E+000                  1.3166334708986394E+000                  5.0483040124570600E-001                  3.9264587090468819E+000                  9.6754679816986929E-003                  9.7661550406739006E-001                  5.9888011117475098E-005                  1.0560618837085008E-003                  2.3838810482634588E-003                  6.5489967737205621E-003                  7.6094351922148773E-001                  4.2138795298738230E-001                                        0                                        5 
