                                       1                                        2                                        3                                        4                                        5                                        6                                        7                                        8                                        9                                       10                                       11 
                          version_number                                 compiler                                    build                         MESA_SDK_version                             math_backend                                     date                                burn_min1                                burn_min2                                     msun                                     rsun                                     lsun 
                               "r26.4.1"                               "gfortran"                                 "15.2.0"                    "x86_64-linux-26.6.1"                                 "CRMATH"                               "20260609"                  5.0000000000000000E+001                  1.0000000000000000E+003                  1.9884098706980504E+033                  6.9570000000000000E+010                  3.8280000000000003E+033 

                                       1                                        2                                        3                                        4                                        5                                        6                                        7                                        8                                        9                                       10                                       11                                       12                                       13                                       14                                       15                                       16                                       17                                       18                                       19                                       20                                       21                                       22                                       23                                       24                                       25                                       26                                       27                                       28                                       29                                       30                                       31                                       32                                       33                                       34                                       35                                       36                                       37                                       38                                       39                                       40                                       41                                       42                                       43                                       44                                       45                                       46                                       47                                       48                                       49                                       50                                       51                                       52                                       53                                       54                                       55                                       56                                       57                                       58                                       59                                       60 
                            model_number                                num_zones                                 star_age                                   log_dt                                star_mass                               log_xmstar                             log_abs_mdot                           mass_conv_core                             conv_mx1_top                             conv_mx1_bot                             conv_mx2_top                             conv_mx2_bot                                  mx1_top                                  mx1_bot                                  mx2_top                                  mx2_bot                       log_power_nuc_burn                           power_nuc_burn                                   log_LH                                  log_LHe                                   log_LZ                                 log_Lnuc                                     Lnuc                                       pp                                      cno                                tri_alpha                               epsnuc_M_1                               epsnuc_M_2                               epsnuc_M_3                               epsnuc_M_4                               epsnuc_M_5                               epsnuc_M_6                               epsnuc_M_7                               epsnuc_M_8                             he_core_mass                             co_core_mass                            one_core_mass                             fe_core_mass                   neutron_rich_core_mass                                 log_Teff                                    log_L                                    log_R                                    log_g                        v_div_csound_surf                               log_cntr_P                             log_cntr_Rho                               log_cntr_T                                center_mu                                center_ye                              center_abar                                center_h1                               center_he4                               center_c12                               center_o16                              surface_c12                              surface_o16                            total_mass_h1                           total_mass_he4                              num_retries                                num_iters 
                                       1                                      686                  1.0000000000000001E-005                 -4.9999999999999991E+000                  1.5000000000000000E+000                  3.3474597169416349E+001                 -9.8999999999999986E+001                  0.0000000000000000E+000                  9.9999999779525006E-001                  2.1081297090053547E-002                  0.0000000000000000E+000                  0.0000000000000000E+000                  9.9999999779525006E-001                  2.1081297090053547E-002                  0.0000000000000000E+000                  0.0000000000000000E+000                 -5.5110484142278713E+000                  3.0828442621520761E-006                 -5.5110484142278713E+000                 -9.8999999999999986E+001                 -2.1373129692142662E+001                 -5.5110484142278713E+000                  3.0828442621520761E-006                 -5.5110484142280898E+000                 -1.7810449626114217E+001                 -9.8999999999999986E+001                 -2.0000000000000000E+001                 -2.0000000000000000E+001                 -2.0000000000000000E+001                 -2.0000000000000000E+001                 -2.0000000000000000E+001                 -2.0000000000000000E+001                 -2.0000000000000000E+001                 -2.0000000000000000E+001                  0.0000000000000000E+000                  0.0000000000000000E+000                  0.0000000000000000E+000                  0.0000000000000000E+000                  0.0000000000000000E+000                  3.6884181420361317E+000                  7.2915100690013579E-001                  5.1039238024230127E-001                  3.5933741258742118E+000                  0.0000000000000000E+000                  1.4271420774673071E+001                 -4.1006129257453844E-001                  6.5500154521560123E+000                  6.1297212108921739E-001                  8.5824770319108334E-001                  1.2743228965333044E+000                  7.1649999999999991E-001                  2.6947131977607081E-001                  2.3838810482634588E-003                  6.5489967737205734E-003                  2.3838810482634588E-003                  6.5489967737205734E-003                  1.0747499999999997E+000                  4.0420697966410618E-001                                        0                                        4 
                                       5                                      683                  7.4416000000000014E-005                 -4.6832750158095005E+000                  1.5000000000000000E+000                  3.3474597169416349E+001                 -9.8999999999999986E+001                  0.0000000000000000E+000                  9.9999999826399999E-001                  2.4493456708117235E-002                  0.0000000000000000E+000                  0.0000000000000000E+000                  9.9999999826399999E-001                  2.4493456708117235E-002                  0.0000000000000000E+000                  0.0000000000000000E+000                 -5.5109622592847689E+000                  3.0834558946497929E-006                 -5.5109622592847689E+000                 -9.8999999999999986E+001                 -2.1373129692142662E+001                 -5.5109622592847689E+000                  3.0834558946497929E-006                 -5.5109622592850629E+000                 -1.7680653930574788E+001                 -9.8999999999999986E+001                 -2.0000000000000000E+001                 -2.0000000000000000E+001                 -2.0000000000000000E+001                 -2.0000000000000000E+001                 -2.0000000000000000E+001                 -2.0000000000000000E+001                 -2.0000000000000000E+001                 -2.0000000000000000E+001                  0.0000000000000000E+000                  0.0000000000000000E+000                  0.0000000000000000E+000                  0.0000000000000000E+000                  0.0000000000000000E+000                  3.6895890682447163E+000                  7.3384731777538303E-001                  5.1039868326275517E-001                  3.5933615198333038E+000                  0.0000000000000000E+000                  1.4271420774726913E+001                 -4.1006129253123497E-001                  6.5500154521665914E+000                  6.1297212108921439E-001                  8.5824770319108334E-001                  1.2743228965333044E+000                  7.1649999999999991E-001                  2.6947131977607081E-001                  2.3838810482634588E-003                  6.5489967737205734E-003                  2.3838810482634588E-003                  6.5489967737205751E-003                  1.0747499999999997E+000                  4.0420697966410618E-001                                        0                                        2 
                                      10                                      683                  2.5958682111999997E-004                 -4.2873687855713758E+000                  1.5000000000000000E+000                  3.3474597169416349E+001                 -9.8999999999999986E+001                  0.0000000000000000E+000                  9.9999999826399999E-001                  2.4493456651653960E-002                  0.0000000000000000E+000                  0.0000000000000000E+000                  9.9999999826399999E-001                  2.4493456651653960E-002                  0.0000000000000000E+000                  0.0000000000000000E+000                 -5.5107151529235523E+000                  3.0852108291586009E-006                 -5.5107151529235523E+000                 -9.8999999999999986E+001                 -9.8999999999999986E+001                 -5.5107151529235523E+000                  3.0852108291586009E-006                 -5.5107151529238596E+000                 -1.7660298379671790E+001                 -9.8999999999999986E+001                 -2.0000000000000000E+001                 -2.0000000000000000E+001                 -2.0000000000000000E+001                 -2.0000000000000000E+001                 -2.0000000000000000E+001                 -2.0000000000000000E+001                 -2.0000000000000000E+001                 -2.0000000000000000E+001                  0.0000000000000000E+000                  0.0000000000000000E+000                  0.0000000000000000E+000                  0.0000000000000000E+000                  0.0000000000000000E+000                  3.6900037933397480E+000                  7.3551072311062415E-001                  5.1040093574031420E-001                  3.5933570148781859E+000                  0.0000000000000000E+000                  1.4271420774911444E+001                 -4.1006129238891836E-001                  6.5500154522088287E+000                  6.1297212108919952E-001                  8.5824770319108334E-001                  1.2743228965333044E+000                  7.1649999999999991E-001                  2.6947131977607081E-001                  2.3838810482634588E-003                  6.5489967737205734E-003                  2.3838810482634588E-003                  6.5489967737205751E-003                  1.0747499999999997E+000                  4.0420697966410618E-001                                        0                                        2 
                                      15                                      683                  7.2035107872931814E-004                 -3.8914625553332525E+000                  1.5000000000000000E+000                  3.3474597169416349E+001                 -9.8999999999999986E+001                  0.0000000000000000E+000                  9.9999999826399999E-001                  2.4493456409857235E-002                  0.0000000000000000E+000                  0.0000000000000000E+000                  9.9999999826399999E-001                  2.4493456409857235E-002                  0.0000000000000000E+000                  0.0000000000000000E+000                 -5.5101038263239124E+000                  3.0895567271469038E-006                 -5.5101038263239124E+000                 -9.8999999999999986E+001                 -9.8999999999999986E+001                 -5.5101038263239124E+000                  3.0895567271469038E-006                 -5.5101038263242206E+000                 -1.7660004523430349E+001                 -9.8999999999999986E+001                 -2.0000000000000000E+001                 -2.0000000000000000E+001                 -2.0000000000000000E+001                 -2.0000000000000000E+001                 -2.0000000000000000E+001                 -2.0000000000000000E+001                 -2.0000000000000000E+001                 -2.0000000000000000E+001                  0.0000000000000000E+000                  0.0000000000000000E+000                  0.0000000000000000E+000                  0.0000000000000000E+000                  0.0000000000000000E+000                  3.6900967217618321E+000                  7.3588410113544367E-001                  5.1040176790855452E-001                  3.5933553505417053E+000                  0.0000000000000000E+000                  1.4271420775381884E+001                 -4.1006129202801822E-001                  6.5500154523183971E+000                  6.1297212108916077E-001                  8.5824770319108334E-001                  1.2743228965333044E+000                  7.1649999999999991E-001                  2.6947131977607081E-001                  2.3838810482634588E-003                  6.5489967737205734E-003                  2.3838810482634588E-003                  6.5489967737205751E-003                  1.0747499999999997E+000                  4.0420697966410618E-001                                        0                                        3 
                                      20                                      683                  1.8668799962237366E-003                 -3.4955563250951283E+000                  1.5000000000000000E+000                  3.3474597169416349E+001                 -9.8999999999999986E+001                  0.0000000000000000E+000                  9.9999999826399999E-001                  2.4493455607660260E-002                  0.0000000000000000E+000                  0.0000000000000000E+000                  9.9999999826399999E-001                  2.4493455607660260E-002                  0.0000000000000000E+000                  0.0000000000000000E+000                 -5.5086042808902462E+000                  3.1002428823998503E-006                 -5.5086042808902462E+000                 -9.8999999999999986E+001                 -2.1072099696478681E+001                 -5.5086042808902462E+000                  3.1002428823998503E-006                 -5.5086042808905527E+000                 -1.7660004311012838E+001                 -9.8999999999999986E+001                 -2.0000000000000000E+001                 -2.0000000000000000E+001                 -2.0000000000000000E+001                 -2.0000000000000000E+001                 -2.0000000000000000E+001                 -2.0000000000000000E+001                 -2.0000000000000000E+001                 -2.0000000000000000E+001                  0.0000000000000000E+000                  0.0000000000000000E+000                  0.0000000000000000E+000                  0.0000000000000000E+000                  0.0000000000000000E+000                  3.6901194246128273E+000                  7.3597556865442115E-001                  5.1040209596605302E-001                  3.5933546944267079E+000                  0.0000000000000000E+000                  1.4271420776553468E+001                 -4.1006129112941436E-001                  6.5500154525914445E+000                  6.1297212108906374E-001                  8.5824770319108334E-001                  1.2743228965333044E+000                  7.1649999999999991E-001                  2.6947131977607081E-001                  2.3838810482634588E-003                  6.5489967737205734E-003                  2.3838810482634588E-003                  6.5489967737205751E-003                  1.0747499999999997E+000                  4.0420697966410618E-001                                        0                                        2 
                                      25                                      683                  4.7198108322034473E-003                 -3.0996500948570040E+000                  1.5000000000000000E+000                  3.3474597169416349E+001                 -9.8999999999999986E+001                  0.0000000000000000E+000                  9.9999999826399999E-001                  2.1557300395881367E-002                  0.0000000000000000E+000                  0.0000000000000000E+000                  9.9999999826399999E-001                  2.1557300395881367E-002                  0.0000000000000000E+000                  0.0000000000000000E+000                 -5.5050027507588055E+000                  3.1260595670494150E-006                 -5.5050027507588055E+000                 -9.8999999999999986E+001                 -9.8999999999999986E+001                 -5.5050027507588055E+000                  3.1260595670494150E-006                 -5.5050027507591093E+000                 -1.7660004287755040E+001                 -9.8999999999999986E+001                 -2.0000000000000000E+001                 -2.0000000000000000E+001                 -2.0000000000000000E+001                 -2.0000000000000000E+001                 -2.0000000000000000E+001                 -2.0000000000000000E+001                 -2.0000000000000000E+001                 -2.0000000000000000E+001                  0.0000000000000000E+000                  0.0000000000000000E+000                  0.0000000000000000E+000                  0.0000000000000000E+000                  0.0000000000000000E+000                  3.6901244012968686E+000                  7.3599572373894306E-001                  5.1040222014023129E-001                  3.5933544460783517E+000                  0.0000000000000000E+000                  1.4271420779460440E+001                 -4.1006128889840510E-001                  6.5500154532676138E+000                  6.1297212108882415E-001                  8.5824770319108334E-001                  1.2743228965333044E+000                  7.1649999999999991E-001                  2.6947131977607081E-001                  2.3838810482634588E-003                  6.5489967737205734E-003                  2.3838810482634588E-003                  6.5489967737205751E-003                  1.0747499999999997E+000                  4.0420697966410618E-001                                        0                                        2 
                                      30                                      683                  1.1818815689988481E-002                 -2.7037438646188803E+000                  1.5000000000000000E+000                  3.3474597169416349E+001                 -9.8999999999999986E+001                  0.0000000000000000E+000                  9.9999999826399999E-001                  2.1133615450806924E-002                  0.0000000000000000E+000                  0.0000000000000000E+000                  9.9999999826399999E-001                  2.1133615450806924E-002                  0.0000000000000000E+000                  0.0000000000000000E+000                 -5.4967746086486455E+000                  3.1858504942575658E-006                 -5.4967746086486455E+000                 -9.8999999999999986E+001                 -9.8999999999999986E+001                 -5.4967746086486455E+000                  3.1858504942575658E-006                 -5.4967746086489440E+000                 -1.7660004230122055E+001                 -9.8999999999999986E+001                 -2.0000000000000000E+001                 -2.0000000000000000E+001                 -2.0000000000000000E+001                 -2.0000000000000000E+001                 -2.0000000000000000E+001                 -2.0000000000000000E+001                 -2.0000000000000000E+001                 -2.0000000000000000E+001                  0.0000000000000000E+000                  0.0000000000000000E+000                  0.0000000000000000E+000                  0.0000000000000000E+000                  0.0000000000000000E+000                  3.6901253617943186E+000                  7.3599965769612008E-001                  5.1040226612391959E-001                  3.5933543541109749E+000                  0.0000000000000000E+000                  1.4271420786678577E+001                 -4.1006128335620545E-001                  6.5500154549440950E+000                  6.1297212108823085E-001                  8.5824770319108334E-001                  1.2743228965333044E+000                  7.1649999999999991E-001                  2.6947131977607081E-001                  2.3838810482634588E-003                  6.5489967737205734E-003                  2.3838810482634588E-003                  6.5489967737205751E-003                  1.0747499999999997E+000                  4.0420697966410618E-001                                        0                                        2 
                                      35                                      683                  2.9483411457712130E-002                 -2.3078376343807561E+000                  1.5000000000000000E+000                  3.3474597169416349E+001                 -9.8999999999999986E+001                  0.0000000000000000E+000                  9.9999999826399999E-001                  2.1091415530980050E-002                  0.0000000000000000E+000                  0.0000000000000000E+000                  9.9999999826399999E-001                  2.1091415530980050E-002                  0.0000000000000000E+000                  0.0000000000000000E+000                 -5.4799718016709900E+000                  3.3115262221040838E-006                 -5.4799718016709900E+000                 -9.8999999999999986E+001                 -2.1072099696478681E+001                 -5.4799718016709900E+000                  3.3115262221040838E-006                 -5.4799718016712768E+000                 -1.7660004087169359E+001                 -9.8999999999999986E+001                 -2.0000000000000000E+001                 -2.0000000000000000E+001                 -2.0000000000000000E+001                 -2.0000000000000000E+001                 -2.0000000000000000E+001                 -2.0000000000000000E+001                 -2.0000000000000000E+001                 -2.0000000000000000E+001                  0.0000000000000000E+000                  0.0000000000000000E+000                  0.0000000000000000E+000                  0.0000000000000000E+000                  0.0000000000000000E+000                  3.6901255485524400E+000                  7.3600043706448937E-001                  5.1040228229186169E-001                  3.5933543217750907E+000                  0.0000000000000000E+000                  1.4271420804607287E+001                 -4.1006126958489897E-001                  6.5500154591029318E+000                  6.1297212108676025E-001                  8.5824770319108334E-001                  1.2743228965333044E+000                  7.1649999999999991E-001                  2.6947131977607081E-001                  2.3838810482634588E-003                  6.5489967737205734E-003                  2.3838810482634588E-003                  6.5489967737205751E-003                  1.0747499999999997E+000                  4.0420697966410618E-001                                        0                                        5 
                                      40                                      683                  7.3438578398454232E-002                 -1.9119314041426323E+000                  1.5000000000000000E+000                  3.3474597169416349E+001                 -9.8999999999999986E+001                  0.0000000000000000E+000                  9.9999999826399999E-001                  2.1083887052522458E-002                  0.0000000000000000E+000                  0.0000000000000000E+000                  9.9999999826399999E-001                  2.1083887052522458E-002                  0.0000000000000000E+000                  0.0000000000000000E+000                 -5.4526456832299752E+000                  3.5265846818544052E-006                 -5.4526456832299752E+000                 -9.8999999999999986E+001                 -2.1373129692142662E+001                 -5.4526456832299752E+000                  3.5265846818544052E-006                 -5.4526456832302452E+000                 -1.7660003732486562E+001                 -9.8999999999999986E+001                 -2.0000000000000000E+001                 -2.0000000000000000E+001                 -2.0000000000000000E+001                 -2.0000000000000000E+001                 -2.0000000000000000E+001                 -2.0000000000000000E+001                 -2.0000000000000000E+001                 -2.0000000000000000E+001                  0.0000000000000000E+000                  0.0000000000000000E+000                  0.0000000000000000E+000                  0.0000000000000000E+000                  0.0000000000000000E+000                  3.6901255915794602E+000                  7.3600060750627527E-001                  5.1040228145871358E-001                  3.5933543234413867E+000                  0.0000000000000000E+000                  1.4271420849141888E+001                 -4.1006123536427019E-001                  6.5500154694206936E+000                  6.1297212108311583E-001                  8.5824770319108334E-001                  1.2743228965333044E+000                  7.1649999999999991E-001                  2.6947131977607081E-001                  2.3838810482634588E-003                  6.5489967737205734E-003                  2.3838810482634588E-003                  6.5489967737205751E-003                  1.0747499999999997E+000                  4.0420697966410618E-001                                        0                                        3 
                                      45                                      683                  1.8281309940044158E-001                 -1.5160251739045081E+000                  1.5000000000000000E+000                  3.3474597169416349E+001                 -9.8999999999999986E+001                  0.0000000000000000E+000                  9.9999999826399999E-001                  2.1087959825925286E-002                  0.0000000000000000E+000                  0.0000000000000000E+000                  9.9999999826399999E-001                  2.1087959825925286E-002                  0.0000000000000000E+000                  0.0000000000000000E+000                 -5.4222332144036836E+000                  3.7823941711429386E-006                 -5.4222332144036836E+000                 -9.8999999999999986E+001                 -9.8999999999999986E+001                 -5.4222332144036836E+000                  3.7823941711429386E-006                 -5.4222332144039340E+000                 -1.7660002853485476E+001                 -9.8999999999999986E+001                 -2.0000000000000000E+001                 -2.0000000000000000E+001                 -2.0000000000000000E+001                 -2.0000000000000000E+001                 -2.0000000000000000E+001                 -2.0000000000000000E+001                 -2.0000000000000000E+001                 -2.0000000000000000E+001                  0.0000000000000000E+000                  0.0000000000000000E+000                  0.0000000000000000E+000                  0.0000000000000000E+000                  0.0000000000000000E+000                  3.6901256027757317E+000                  7.3600060796623057E-001                  5.1040225929614791E-001                  3.5933543677665183E+000                  0.0000000000000000E+000                  1.4271420959667203E+001                 -4.1006115038743207E-001                  6.5500154949794043E+000                  6.1297212107409982E-001                  8.5824770319108334E-001                  1.2743228965333044E+000                  7.1650000000000003E-001                  2.6947131977607114E-001                  2.3838810482634597E-003                  6.5489967737205734E-003                  2.3838810482634588E-003                  6.5489967737205751E-003                  1.0747499999999997E+000                  4.0420697966410618E-001                                        0                                        4 
                                      50                                      683                  4.5497190750010669E-001                 -1.1201189436663841E+000                  1.5000000000000000E+000                  3.3474597169416349E+001                 -9.8999999999999986E+001                  0.0000000000000000E+000                  9.9999999826399999E-001                  2.1212925326378099E-002                  0.0000000000000000E+000                  0.0000000000000000E+000                  9.9999999826399999E-001                  2.1212925326378099E-002                  0.0000000000000000E+000                  0.0000000000000000E+000                 -5.3995587408407388E+000                  3.9851186763283936E-006                 -5.3995587408407388E+000                 -9.8999999999999986E+001                 -9.8999999999999986E+001                 -5.3995587408407388E+000                  3.9851186763283936E-006                 -5.3995587408409769E+000                 -1.7660000678505853E+001                 -9.8999999999999986E+001                 -2.0000000000000000E+001                 -2.0000000000000000E+001                 -2.0000000000000000E+001                 -2.0000000000000000E+001                 -2.0000000000000000E+001                 -2.0000000000000000E+001                 -2.0000000000000000E+001                 -2.0000000000000000E+001                  0.0000000000000000E+000                  0.0000000000000000E+000                  0.0000000000000000E+000                  0.0000000000000000E+000                  0.0000000000000000E+000                  3.6901256064959251E+000                  7.3600049087114239E-001                  5.1040219330821768E-001                  3.5933544997423787E+000                  0.0000000000000000E+000                  1.4271421233292983E+001                 -4.1006093977779157E-001                  6.5500155580248478E+000                  6.1297212105192012E-001                  8.5824770319108334E-001                  1.2743228965333044E+000                  7.1649999999999991E-001                  2.6947131977607164E-001                  2.3838810482634588E-003                  6.5489967737205716E-003                  2.3838810482634588E-003                  6.5489967737205751E-003                  1.0747499999999997E+000                  4.0420697966410618E-001                                        0                                        5 
                                      55                                      683                  1.1321901128706655E+000                 -7.2421271342826010E-001                  1.5000000000000000E+000                  3.3474597169416349E+001                 -9.8999999999999986E+001                  0.0000000000000000E+000                  9.9999999826399999E-001                  2.1447515996500948E-002                  0.0000000000000000E+000                  0.0000000000000000E+000                  9.9999999826399999E-001                  2.1447515996500948E-002                  0.0000000000000000E+000                  0.0000000000000000E+000                 -5.3835708549255852E+000                  4.1345585373075873E-006                 -5.3835708549255852E+000                 -9.8999999999999986E+001                 -9.8999999999999986E+001                 -5.3835708549255852E+000                  4.1345585373075873E-006                 -5.3835708549258143E+000                 -1.7659995282350444E+001                 -9.8999999999999986E+001                 -2.0000000000000000E+001                 -2.0000000000000000E+001                 -2.0000000000000000E+001                 -2.0000000000000000E+001                 -2.0000000000000000E+001                 -2.0000000000000000E+001                 -2.0000000000000000E+001                 -2.0000000000000000E+001                  0.0000000000000000E+000                  0.0000000000000000E+000                  0.0000000000000000E+000                  0.0000000000000000E+000                  0.0000000000000000E+000                  3.6901256093833212E+000                  7.3600016287254799E-001                  5.1040202353412878E-001                  3.5933548392905568E+000                  0.0000000000000000E+000                  1.4271421911269917E+001                 -4.1006041745259753E-001                  6.5500157137574631E+000                  6.1297212099725840E-001                  8.5824770319108334E-001                  1.2743228965333047E+000                  7.1649999999999936E-001                  2.6947131977607308E-001                  2.3838810482634588E-003                  6.5489967737205690E-003                  2.3838810482634588E-003                  6.5489967737205751E-003                  1.0747499999999997E+000                  4.0420697966410618E-001                                        0                                        5 
                                      60                                      683                  2.8173257176583335E+000                 -3.2830648319013606E-001                  1.5000000000000000E+000                  3.3474597169416349E+001                 -9.8999999999999986E+001                  0.0000000000000000E+000                  9.9999999826399999E-001                  2.1490193492581786E-002                  0.0000000000000000E+000                  0.0000000000000000E+000                  9.9999999826399999E-001                  2.1490193492581786E-002                  0.0000000000000000E+000                  0.0000000000000000E+000                 -5.3696239200198841E+000                  4.2694907794983290E-006                 -5.3696239200198841E+000                 -9.8999999999999986E+001                 -9.8999999999999986E+001                 -5.3696239200198841E+000                  4.2694907794983290E-006                 -5.3696239200201061E+000                 -1.7659981860819155E+001                 -9.8999999999999986E+001                 -2.0000000000000000E+001                 -2.0000000000000000E+001                 -2.0000000000000000E+001                 -2.0000000000000000E+001                 -2.0000000000000000E+001                 -2.0000000000000000E+001                 -2.0000000000000000E+001                 -2.0000000000000000E+001                  0.0000000000000000E+000                  0.0000000000000000E+000                  0.0000000000000000E+000                  0.0000000000000000E+000                  0.0000000000000000E+000                  3.6901256173816650E+000                  7.3599934672003509E-001                  5.1040159946118580E-001                  3.5933556874364427E+000                  0.0000000000000000E+000                  1.4271423596869221E+001                 -4.1005911859715771E-001                  6.5500161007064870E+000                  6.1297212086150299E-001                  8.5824770319108279E-001                  1.2743228965333055E+000                  7.1649999999999825E-001                  2.6947131977607675E-001                  2.3838810482634588E-003                  6.5489967737205690E-003                  2.3838810482634588E-003                  6.5489967737205751E-003                  1.0747499999999997E+000                  4.0420697966410640E-001                                        0                                        2 
                                      65                                      683                  7.0104823457635828E+000                  6.7599747047987935E-002                  1.5000000000000000E+000                  3.3474597169416349E+001                 -9.8999999999999986E+001                  0.0000000000000000E+000                  9.9999999826399999E-001                  2.1492203343367756E-002                  0.0000000000000000E+000                  0.0000000000000000E+000                  9.9999999826399999E-001                  2.1492203343367756E-002                  0.0000000000000000E+000                  0.0000000000000000E+000                 -5.3592906498426238E+000                  4.3722939320076937E-006                 -5.3592906498426238E+000                 -9.8999999999999986E+001                 -9.8999999999999986E+001                 -5.3592906498426238E+000                  4.3722939320076937E-006                 -5.3592906498428405E+000                 -1.7659948464351718E+001                 -9.8999999999999986E+001                 -2.0000000000000000E+001                 -2.0000000000000000E+001                 -2.0000000000000000E+001                 -2.0000000000000000E+001                 -2.0000000000000000E+001                 -2.0000000000000000E+001                 -2.0000000000000000E+001                 -2.0000000000000000E+001                  0.0000000000000000E+000                  0.0000000000000000E+000                  0.0000000000000000E+000                  0.0000000000000000E+000                  0.0000000000000000E+000                  3.6901256349779903E+000                  7.3599730639483352E-001                  5.1040054410593239E-001                  3.5933577981469496E+000                  0.0000000000000000E+000                  1.4271427791050296E+001                 -4.1005588670872539E-001                  6.5500170635099533E+000                  6.1297212052372241E-001                  8.5824770319108212E-001                  1.2743228965333073E+000                  7.1649999999999536E-001                  2.6947131977608568E-001                  2.3838810482634588E-003                  6.5489967737205682E-003                  2.3838810482634588E-003                  6.5489967737205751E-003                  1.0747499999999994E+000                  4.0420697966410662E-001                                        0                                        4 
                                      70                                      683                  1.7444397846610435E+001                  4.6350597728611193E-001                  1.5000000000000000E+000                  3.3474597169416349E+001                 -9.8999999999999986E+001                  0.0000000000000000E+000                  9.9999999826399999E-001                  2.1495967846959157E-002                  0.0000000000000000E+000                  0.0000000000000000E+000                  9.9999999826399999E-001                  2.1495967846959157E-002                  0.0000000000000000E+000                  0.0000000000000000E+000                 -5.3564051575328691E+000                  4.4014405725535048E-006                 -5.3564051575328691E+000                 -9.8999999999999986E+001                 -2.1072099696478681E+001                 -5.3564051575328691E+000                  4.4014405725535048E-006                 -5.3564051575330849E+000                 -1.7659865364570482E+001                 -9.8999999999999986E+001                 -2.0000000000000000E+001                 -2.0000000000000000E+001                 -2.0000000000000000E+001                 -2.0000000000000000E+001                 -2.0000000000000000E+001                 -2.0000000000000000E+001                 -2.0000000000000000E+001                 -2.0000000000000000E+001                  0.0000000000000000E+000                  0.0000000000000000E+000                  0.0000000000000000E+000                  0.0000000000000000E+000                  0.0000000000000000E+000                  3.6901256800610787E+000                  7.3599223476563602E-001                  5.1039791812515767E-001                  3.5933630501084988E+000                  0.0000000000000000E+000                  1.4271438227385255E+001                 -4.1004784482469969E-001                  6.5500194592321419E+000                  6.1297211968323584E-001                  8.5824770319108079E-001                  1.2743228965333118E+000                  7.1649999999998837E-001                  2.6947131977610805E-001                  2.3838810482634588E-003                  6.5489967737205682E-003                  2.3838810482634588E-003                  6.5489967737205673E-003                  1.0747499999999992E+000                  4.0420697966410740E-001                                        0                                        3 
                                      75                                      683                  4.3407318465677669E+001                  8.5941220752423608E-001                  1.5000000000000000E+000                  3.3474597169416349E+001                 -9.8999999999999986E+001                  0.0000000000000000E+000                  9.9999999826399999E-001                  2.1505346279038905E-002                  0.0000000000000000E+000                  0.0000000000000000E+000                  9.9999999826399999E-001                  2.1505346279038905E-002                  0.0000000000000000E+000                  0.0000000000000000E+000                 -5.3561597684988334E+000                  4.4039282174284094E-006                 -5.3561597684988334E+000                 -9.8999999999999986E+001                 -2.1072099696478681E+001                 -5.3561597684988334E+000                  4.4039282174284094E-006                 -5.3561597684990501E+000                 -1.7659658594080092E+001                 -9.8999999999999986E+001                 -2.0000000000000000E+001                 -2.0000000000000000E+001                 -2.0000000000000000E+001                 -2.0000000000000000E+001                 -2.0000000000000000E+001                 -2.0000000000000000E+001                 -2.0000000000000000E+001                 -2.0000000000000000E+001                  0.0000000000000000E+000                  0.0000000000000000E+000                  0.0000000000000000E+000                  0.0000000000000000E+000                  0.0000000000000000E+000                  3.6901257918336006E+000                  7.3597961366180698E-001                  5.1039138402819906E-001                  3.5933761183024160E+000                  0.0000000000000000E+000                  1.4271464195507489E+001                 -4.1002783460208153E-001                  6.5500254202960955E+000                  6.1297211759195969E-001                  8.5824770319107757E-001                  1.2743228965333229E+000                  7.1649999999997094E-001                  2.6947131977616406E-001                  2.3838810482634588E-003                  6.5489967737205682E-003                  2.3838810482634588E-003                  6.5489967737205647E-003                  1.0747499999999974E+000                  4.0420697966410957E-001                                        0                                        4 
                                      80                                      683                  1.0801137310051504E+002                  1.2553184377623601E+000                  1.5000000000000000E+000                  3.3474597169416349E+001                 -9.8999999999999986E+001                  0.0000000000000000E+000                  9.9999999826399999E-001                  2.1528695926357783E-002                  0.0000000000000000E+000                  0.0000000000000000E+000                  9.9999999826399999E-001                  2.1528695926357783E-002                  0.0000000000000000E+000                  0.0000000000000000E+000                 -5.3558867280617832E+000                  4.4066978325264262E-006                 -5.3558867280617832E+000                 -9.8999999999999986E+001                 -2.1072099696478681E+001                 -5.3558867280617832E+000                  4.4066978325264262E-006                 -5.3558867280619991E+000                 -1.7659144134873529E+001                 -9.8999999999999986E+001                 -2.0000000000000000E+001                 -2.0000000000000000E+001                 -2.0000000000000000E+001                 -2.0000000000000000E+001                 -2.0000000000000000E+001                 -2.0000000000000000E+001                 -2.0000000000000000E+001                 -2.0000000000000000E+001                  0.0000000000000000E+000                  0.0000000000000000E+000                  0.0000000000000000E+000                  0.0000000000000000E+000                  0.0000000000000000E+000                  3.6901260735387407E+000                  7.3594822556323125E-001                  5.1037512656863104E-001                  3.5934086332215518E+000                  0.0000000000000000E+000                  1.4271528807417692E+001                 -4.0997804623287087E-001                  6.5500402517174603E+000                  6.1297211238896465E-001                  8.5824770319106891E-001                  1.2743228965333511E+000                  7.1649999999992742E-001                  2.6947131977630323E-001                  2.3838810482634588E-003                  6.5489967737205682E-003                  2.3838810482634588E-003                  6.5489967737205647E-003                  1.0747499999999941E+000                  4.0420697966411495E-001                                        0                                        5 
                                      85                                      683                  2.6876693432947360E+002                  1.6512246680004841E+000                  1.5000000000000000E+000                  3.3474597169416349E+001                 -9.8999999999999986E+001                  0.0000000000000000E+000                  9.9999999826399999E-001                  2.1586843537225012E-002                  0.0000000000000000E+000                  0.0000000000000000E+000                  9.9999999826399999E-001                  2.1586843537225012E-002                  0.0000000000000000E+000                  0.0000000000000000E+000                 -5.3552085850639592E+000                  4.4135841867447135E-006                 -5.3552085850639592E+000                 -9.8999999999999986E+001                 -9.8999999999999986E+001                 -5.3552085850639592E+000                  4.4135841867447135E-006                 -5.3552085850641751E+000                 -1.7657864317437166E+001                 -9.8999999999999986E+001                 -2.0000000000000000E+001                 -2.0000000000000000E+001                 -2.0000000000000000E+001                 -2.0000000000000000E+001                 -2.0000000000000000E+001                 -2.0000000000000000E+001                 -2.0000000000000000E+001                 -2.0000000000000000E+001                  0.0000000000000000E+000                  0.0000000000000000E+000                  0.0000000000000000E+000                  0.0000000000000000E+000                  0.0000000000000000E+000                  3.6901267688257571E+000                  7.3587011530939661E-001                  5.1033468086768075E-001                  3.5934895246234526E+000                  0.0000000000000000E+000                  1.4271689551015138E+001                 -4.0985417831802651E-001                  6.5500771470491559E+000                  6.1297209944700415E-001                  8.5824770319104704E-001                  1.2743228965334212E+000                  7.1649999999981928E-001                  2.6947131977665006E-001                  2.3838810482634588E-003                  6.5489967737205682E-003                  2.3838810482634588E-003                  6.5489967737205647E-003                  1.0747499999999843E+000                  4.0420697966412805E-001                                        0                                        3 
                                      90                                      683                  6.6877821244671566E+002                  2.0471308982386081E+000                  1.5000000000000000E+000                  3.3474597169416349E+001                 -9.8999999999999986E+001                  0.0000000000000000E+000                  9.9999999826399999E-001                  2.1731844010367034E-002                  0.0000000000000000E+000                  0.0000000000000000E+000                  9.9999999826399999E-001                  2.1731844010367034E-002                  0.0000000000000000E+000                  0.0000000000000000E+000                 -5.3535217236113484E+000                  4.4307605106548125E-006                 -5.3535217236113484E+000                 -9.8999999999999986E+001                 -9.8999999999999986E+001                 -5.3535217236113484E+000                  4.4307605106548125E-006                 -5.3535217236115651E+000                 -1.7654681712362091E+001                 -9.8999999999999986E+001                 -2.0000000000000000E+001                 -2.0000000000000000E+001                 -2.0000000000000000E+001                 -2.0000000000000000E+001                 -2.0000000000000000E+001                 -2.0000000000000000E+001                 -2.0000000000000000E+001                 -2.0000000000000000E+001                  0.0000000000000000E+000                  0.0000000000000000E+000                  0.0000000000000000E+000                  0.0000000000000000E+000                  0.0000000000000000E+000                  3.6901284988192447E+000                  7.3567585395615065E-001                  5.1023409020408284E-001                  3.5936907059506487E+000                  0.0000000000000000E+000                  1.4272089337547978E+001                 -4.0954608824863026E-001                  6.5501688926540771E+000                  6.1297206727266951E-001                  8.5824770319099331E-001                  1.2743228965335964E+000                  7.1649999999954939E-001                  2.6947131977751598E-001                  2.3838810482634588E-003                  6.5489967737205682E-003                  2.3838810482634588E-003                  6.5489967737205647E-003                  1.0747499999999630E+000                  4.0420697966416080E-001                                        0                                        3 
                                      95                                      683                  1.6641342760114112E+003                  2.4430371284767323E+000                  1.5000000000000000E+000                  3.3474597169416349E+001                 -9.8999999999999986E+001                  0.0000000000000000E+000                  9.9999999826399999E-001                  2.2095000474050250E-002                  0.0000000000000000E+000                  0.0000000000000000E+000                  9.9999999826399999E-001                  2.2095000474050250E-002                  0.0000000000000000E+000                  0.0000000000000000E+000                 -5.3493278352598699E+000                  4.4737546699652534E-006                 -5.3493278352598699E+000                 -9.8999999999999986E+001                 -9.8999999999999986E+001                 -5.3493278352598699E+000                  4.4737546699652534E-006                 -5.3493278352600884E+000                 -1.7646774665829522E+001                 -9.8999999999999986E+001                 -2.0000000000000000E+001                 -2.0000000000000000E+001                 -2.0000000000000000E+001                 -2.0000000000000000E+001                 -2.0000000000000000E+001                 -2.0000000000000000E+001                 -2.0000000000000000E+001                 -2.0000000000000000E+001                  0.0000000000000000E+000                  0.0000000000000000E+000                  0.0000000000000000E+000                  0.0000000000000000E+000                  0.0000000000000000E+000                  3.6901327947805322E+000                  7.3519306592816236E-001                  5.0998410426751395E-001                  3.5941906778237862E+000                  0.0000000000000000E+000                  1.4273082929480411E+001                 -4.0878028363004837E-001                  6.5503968037723350E+000                  6.1297198739388148E-001                  8.5824770319085864E-001                  1.2743228965340336E+000                  7.1649999999887393E-001                  2.6947131977968874E-001                  2.3838810482634597E-003                  6.5489967737205682E-003                  2.3838810482634588E-003                  6.5489967737205647E-003                  1.0747499999999075E+000                  4.0420697966424302E-001                                        0                                        5 
                                     100                                      683                  4.1408986761007136E+003                  2.8389433587148560E+000                  1.5000000000000000E+000                  3.3474597169416349E+001                 -9.8999999999999986E+001                  0.0000000000000000E+000                  9.9999999826399999E-001                  2.3018838922108500E-002                  0.0000000000000000E+000                  0.0000000000000000E+000                  9.9999999826399999E-001                  2.3018838922108500E-002                  0.0000000000000000E+000                  0.0000000000000000E+000                 -5.3389141659966475E+000                  4.5823244286974429E-006                 -5.3389141659966475E+000                 -9.8999999999999986E+001                 -9.8999999999999986E+001                 -5.3389141659966475E+000                  4.5823244286974429E-006                 -5.3389141659968713E+000                 -1.7627175054963182E+001                 -9.8999999999999986E+001                 -2.0000000000000000E+001                 -2.0000000000000000E+001                 -2.0000000000000000E+001                 -2.0000000000000000E+001                 -2.0000000000000000E+001                 -2.0000000000000000E+001                 -2.0000000000000000E+001                 -2.0000000000000000E+001                  0.0000000000000000E+000                  0.0000000000000000E+000                  0.0000000000000000E+000                  0.0000000000000000E+000                  0.0000000000000000E+000                  3.6901433684209533E+000                  7.3399516490315808E-001                  5.0936400647416979E-001                  3.5954308734104745E+000                  0.0000000000000000E+000                  1.4275547878603721E+001                 -4.0687979171098831E-001                  6.5509615782837001E+000                  6.1297178973951771E-001                  8.5824770319052046E-001                  1.2743228965351323E+000                  7.1649999999716929E-001                  2.6947131978520850E-001                  2.3838810482634597E-003                  6.5489967737205682E-003                  2.3838810482634588E-003                  6.5489967737205647E-003                  1.0747499999997656E+000                  4.0420697966445224E-001                                        0                                        5 
                                     105                                      683                  1.0303881068130926E+004                  3.2348495889529802E+000                  1.5000000000000000E+000                  3.3474597169416349E+001                 -9.8999999999999986E+001                  0.0000000000000000E+000                  9.9999999826399999E-001                  2.4737775368794301E-002                  0.0000000000000000E+000                  0.0000000000000000E+000                  9.9999999826399999E-001                  2.4737775368794301E-002                  0.0000000000000000E+000                  0.0000000000000000E+000                 -5.3131466375657501E+000                  4.8624300022361642E-006                 -5.3131466375657501E+000                 -9.8999999999999986E+001                 -2.1072099696478681E+001                 -5.3131466375657501E+000                  4.8624300022361642E-006                 -5.3131466375659855E+000                 -1.7578877139050523E+001                 -9.8999999999999986E+001                 -2.0000000000000000E+001                 -2.0000000000000000E+001                 -2.0000000000000000E+001                 -2.0000000000000000E+001                 -2.0000000000000000E+001                 -2.0000000000000000E+001                 -2.0000000000000000E+001                 -2.0000000000000000E+001                  0.0000000000000000E+000                  0.0000000000000000E+000                  0.0000000000000000E+000                  0.0000000000000000E+000                  0.0000000000000000E+000                  3.6901690779550886E+000                  7.3103593102754849E-001                  5.0783297046809450E-001                  3.5984929454226253E+000                  0.0000000000000000E+000                  1.4281636359273300E+001                 -4.0218175600871370E-001                  6.5523528659239281E+000                  6.1297130452340076E-001                  8.5824770318965737E-001                  1.2743228965379350E+000                  7.1649999999277325E-001                  2.6947131979966515E-001                  2.3838810482634597E-003                  6.5489967737205682E-003                  2.3838810482634588E-003                  6.5489967737205647E-003                  1.0747499999994046E+000                  4.0420697966500252E-001                                        0                                        5 
                                     110                                      683                  2.5639353413867542E+004                  3.6307558191911045E+000                  1.5000000000000000E+000                  3.3474597169416349E+001                 -9.8999999999999986E+001                  0.0000000000000000E+000                  9.9999999842025000E-001                  2.8912922899455903E-002                  0.0000000000000000E+000                  0.0000000000000000E+000                  9.9999999842025000E-001                  2.8912922899455903E-002                  0.0000000000000000E+000                  0.0000000000000000E+000                 -5.2499353528505770E+000                  5.6242503905514679E-006                 -5.2499353528505770E+000                 -9.8999999999999986E+001                 -2.1072099696478681E+001                 -5.2499353528505770E+000                  5.6242503905514679E-006                 -5.2499353528508435E+000                 -1.7461579462363648E+001                 -9.8999999999999986E+001                 -2.0000000000000000E+001                 -2.0000000000000000E+001                 -2.0000000000000000E+001                 -2.0000000000000000E+001                 -2.0000000000000000E+001                 -2.0000000000000000E+001                 -2.0000000000000000E+001                 -2.0000000000000000E+001                  0.0000000000000000E+000                  0.0000000000000000E+000                  0.0000000000000000E+000                  0.0000000000000000E+000                  0.0000000000000000E+000                  3.6902296351744344E+000                  7.2380317836637253E-001                  5.0409547969881463E-001                  3.6059679269611848E+000                  0.0000000000000000E+000                  1.4296516593256833E+001                 -3.9067827814465733E-001                  6.5557320137364314E+000                  6.1297013553458846E-001                  8.5824770318737509E-001                  1.2743228965453468E+000                  7.1649999998083058E-001                  2.6947131984043465E-001                  2.3838810482634588E-003                  6.5489967737205656E-003                  2.3838810482634588E-003                  6.5489967737205647E-003                  1.0747499999984309E+000                  4.0420697966657315E-001                                        0                                        3 
                                     115                                      684                  6.3798915961210878E+004                  4.0266620494292287E+000                  1.5000000000000000E+000                  3.3474597169416349E+001                 -9.8999999999999986E+001                  0.0000000000000000E+000                  9.9999999842025000E-001                  3.8426298215822462E-002                  0.0000000000000000E+000                  0.0000000000000000E+000                  9.9999999842025000E-001                  3.8426298215822462E-002                  0.0000000000000000E+000                  0.0000000000000000E+000                 -5.0983783348263758E+000                  7.9729981839811983E-006                 -5.0983783348263758E+000                 -9.8999999999999986E+001                 -9.8999999999999986E+001                 -5.0983783348263758E+000                  7.9729981839811983E-006                 -5.0983783348267302E+000                 -1.7186308619898984E+001                 -9.8999999999999986E+001                 -2.0000000000000000E+001                 -2.0000000000000000E+001                 -2.0000000000000000E+001                 -2.0000000000000000E+001                 -2.0000000000000000E+001                 -2.0000000000000000E+001                 -2.0000000000000000E+001                 -2.0000000000000000E+001                  0.0000000000000000E+000                  0.0000000000000000E+000                  0.0000000000000000E+000                  0.0000000000000000E+000                  0.0000000000000000E+000                  3.6903943450050147E+000                  7.0669784205091879E-001                  4.9521339187992713E-001                  3.6237321025989599E+000                  0.0000000000000000E+000                  1.4331992156774207E+001                 -3.6312826881501103E-001                  6.5636651833027946E+000                  6.1296744155560701E-001                  8.5824770318080590E-001                  1.2743228965666831E+000                  7.1649999994405233E-001                  2.6947131997699780E-001                  2.3838810482634588E-003                  6.5489967737205656E-003                  2.3838810482634588E-003                  6.5489967737205647E-003                  1.0747499999954850E+000                  4.0420697967200458E-001                                        0                                        4 
                                     120                                      684                  1.5875211863901626E+005                  4.4225682796673524E+000                  1.5000000000000000E+000                  3.3474597169416349E+001                 -9.8999999999999986E+001                  0.0000000000000000E+000                  9.9999999857650002E-001                  6.2910870751739442E-002                  0.0000000000000000E+000                  0.0000000000000000E+000                  9.9999999857650002E-001                  6.2910870751739442E-002                  0.0000000000000000E+000                  0.0000000000000000E+000                 -4.7578629255641278E+000                  1.7463732659704853E-005                 -4.7578629255641278E+000                 -9.8999999999999986E+001                 -9.8999999999999986E+001                 -4.7578629255641278E+000                  1.7463732659704853E-005                 -4.7578629255647709E+000                 -1.6587639539891658E+001                 -9.8999999999999986E+001                 -2.0000000000000000E+001                 -2.0000000000000000E+001                 -2.0000000000000000E+001                 -2.0000000000000000E+001                 -2.0000000000000000E+001                 -2.0000000000000000E+001                 -2.0000000000000000E+001                 -2.0000000000000000E+001                  0.0000000000000000E+000                  0.0000000000000000E+000                  0.0000000000000000E+000                  0.0000000000000000E+000                  0.0000000000000000E+000                  3.6906723632809828E+000                  6.6804638293267815E-001                  4.7533162576887050E-001                  3.6634956348210732E+000                  0.0000000000000000E+000                  1.4412149153361545E+001                 -3.0023894223333952E-001                  6.5809596023559154E+000                  6.1296178386124656E-001                  8.5824770315805599E-001                  1.2743228966405691E+000                  7.1649999979447365E-001                  2.6947132062763607E-001                  2.3838810482634597E-003                  6.5489967737205656E-003                  2.3838810482634588E-003                  6.5489967737205647E-003                  1.0747499999838299E+000                  4.0420697970037772E-001                                        0                                        5 
                                     125                                      688                  3.9502607192625280E+005                  4.8184745099054762E+000                  1.5000000000000000E+000                  3.3474597169416349E+001                 -9.8999999999999986E+001                  0.0000000000000000E+000                  9.9999999888899993E-001                  1.2510852848985363E-001                  0.0000000000000000E+000                  0.0000000000000000E+000                  9.9999999888899993E-001                  1.2510852848985363E-001                  0.0000000000000000E+000                  0.0000000000000000E+000                 -4.1468399820003317E+000                  7.1311573282706417E-005                 -4.1468399820003317E+000                 -9.8999999999999986E+001                 -9.8999999999999986E+001                 -4.1468399820003317E+000                  7.1311573282706417E-005                 -4.1468399820024535E+000                 -1.5457929810667991E+001                 -9.8999999999999986E+001                 -2.0000000000000000E+001                 -2.0000000000000000E+001                 -2.0000000000000000E+001                 -2.0000000000000000E+001                 -2.0000000000000000E+001                 -2.0000000000000000E+001                 -2.0000000000000000E+001                 -2.0000000000000000E+001                  0.0000000000000000E+000                  0.0000000000000000E+000                  0.0000000000000000E+000                  0.0000000000000000E+000                  0.0000000000000000E+000                  3.6911182097439301E+000                  5.9080342589863699E-001                  4.3581845432595534E-001                  3.7425219777069034E+000                  0.0000000000000000E+000                  1.4576130131161252E+001                 -1.6915976894954973E-001                  6.6139491809198585E+000                  6.1295156336388257E-001                  8.5824770304683462E-001                  1.2743228970017944E+000                  7.1649999891903404E-001                  2.6947132496183157E-001                  2.3838810482634597E-003                  6.5489967737205656E-003                  2.3838810482634588E-003                  6.5489967737205647E-003                  1.0747499999063619E+000                  4.0420697997932736E-001                                        0                                        5 
                                     130                                      700                  9.6757420297354972E+005                  5.1715747609256235E+000                  1.5000000000000000E+000                  3.3474597169416349E+001                 -9.8999999999999986E+001                  0.0000000000000000E+000                  9.9999999926399996E-001                  2.6140521481548185E-001                  0.0000000000000000E+000                  0.0000000000000000E+000                  9.9999999926399996E-001                  2.6140521481548185E-001                  0.0000000000000000E+000                  0.0000000000000000E+000                 -3.7693209874529834E+000                  1.7009009062728228E-004                 -3.7693209874529829E+000                 -9.8999999999999986E+001                 -9.8999999999999986E+001                 -3.7693209874529834E+000                  1.7009009062728228E-004                 -3.7693209875013101E+000                 -1.3722915558120812E+001                 -9.8999999999999986E+001                 -2.0000000000000000E+001                 -2.0000000000000000E+001                 -2.0000000000000000E+001                 -2.0000000000000000E+001                 -2.0000000000000000E+001                 -2.0000000000000000E+001                 -2.0000000000000000E+001                 -2.0000000000000000E+001                  0.0000000000000000E+000                  0.0000000000000000E+000                  0.0000000000000000E+000                  0.0000000000000000E+000                  0.0000000000000000E+000                  3.6920286557758679E+000                  4.6785319228286298E-001                  3.7252244545419255E-001                  3.8691139954504292E+000                  0.0000000000000000E+000                  1.4862416177499567E+001                  6.5220277640175434E-002                  6.6660634513250931E+000                  6.1293613740163921E-001                  8.5824770218866941E-001                  1.2743228997889415E+000                  7.1649999575100465E-001                  2.6947132971010507E-001                  2.3838810482634319E-003                  6.5489967737205656E-003                  2.3838810482634592E-003                  6.5489967737205647E-003                  1.0747499992854237E+000                  4.0420698201580590E-001                                        0                                        5 
                                     135                                      703                  1.8429927129735772E+006                  5.3185253026690065E+000                  1.5000000000000000E+000                  3.3474597169416349E+001                 -9.8999999999999986E+001                  0.0000000000000000E+000                  9.9999999951399998E-001                  4.3511130198668091E-001                  0.0000000000000000E+000                  0.0000000000000000E+000                  9.9999999951399998E-001                  4.3511130198668091E-001                  0.0000000000000000E+000                  0.0000000000000000E+000                 -3.6347019174873245E+000                  2.3189857637481503E-004                 -3.6347019174873250E+000                 -9.8999999999999986E+001                 -1.9566949718158774E+001                 -3.6347019174873245E+000                  2.3189857637481503E-004                 -3.6347019191540633E+000                 -1.2050618753796723E+001                 -9.8999999999999986E+001                 -2.0000000000000000E+001                 -2.0000000000000000E+001                 -2.0000000000000000E+001                 -2.0000000000000000E+001                 -2.0000000000000000E+001                 -2.0000000000000000E+001                 -2.0000000000000000E+001                 -2.0000000000000000E+001                  0.0000000000000000E+000                  0.0000000000000000E+000                  0.0000000000000000E+000                  0.0000000000000000E+000                  0.0000000000000000E+000                  3.6948226717976187E+000                  3.6541018083443411E-001                  3.1571290768647609E-001                  3.9827330709858622E+000                  0.0000000000000000E+000                  1.5172143440918353E+001                  3.2265725716313742E-001                  6.7185679736943547E+000                  6.1292076592329481E-001                  8.5824769739828655E-001                  1.2743229153471185E+000                  7.1649998137902027E-001                  2.6947132971700000E-001                  2.3838810482615133E-003                  6.5489967737202706E-003                  2.3838810482634588E-003                  6.5489967737205647E-003                  1.0747499967487866E+000                  4.0420698486988682E-001                                        0                                        5 
                                     140                                      709                  3.0524213530813693E+006                  5.4717405046056466E+000                  1.5000000000000000E+000                  3.3474597169416349E+001                 -9.8999999999999986E+001                  0.0000000000000000E+000                  9.9999999967025011E-001                  6.0677496903845685E-001                  0.0000000000000000E+000                  0.0000000000000000E+000                  9.9999999967025011E-001                  6.0677496903845685E-001                  0.0000000000000000E+000                  0.0000000000000000E+000                 -3.2306501312816684E+000                  5.8796282610829877E-004                 -3.2306501312816684E+000                 -9.8999999999999986E+001                 -1.8964889726830812E+001                 -3.2306501312816684E+000                  5.8796282610829877E-004                 -3.2306501642146461E+000                 -1.0350803457569935E+001                 -9.8999999999999986E+001                 -2.0000000000000000E+001                 -2.0000000000000000E+001                 -2.0000000000000000E+001                 -2.0000000000000000E+001                 -2.0000000000000000E+001                 -2.0000000000000000E+001                 -2.0000000000000000E+001                 -2.0000000000000000E+001                  0.0000000000000000E+000                  0.0000000000000000E+000                  0.0000000000000000E+000                  0.0000000000000000E+000                  0.0000000000000000E+000                  3.7029416815071290E+000                  3.1096320603639721E-001                  2.7225140086843863E-001                  4.0696560846219363E+000                  0.0000000000000000E+000                  1.5500151073731931E+001                  5.9430883448807281E-001                  6.7750252050322590E+000                  6.1290599069570029E-001                  8.5824767201321694E-001                  1.2743229977926440E+000                  7.1649990522387619E-001                  2.6947132971708881E-001                  2.3838810481413681E-003                  6.5489967737202706E-003                  2.3838810482634588E-003                  6.5489967737205647E-003                  1.0747499848324511E+000                  4.0420698744481837E-001                                        0                                        5 
                                     145                                      716                  4.5598231787001975E+006                  5.4964729648565473E+000                  1.5000000000000000E+000                  3.3474597169416349E+001                 -9.8999999999999986E+001                  0.0000000000000000E+000                  9.9999999976400034E-001                  7.6863180827990751E-001                  0.0000000000000000E+000                  0.0000000000000000E+000                  9.9999999976400034E-001                  7.6863180827990751E-001                  0.0000000000000000E+000                  0.0000000000000000E+000                 -2.6446865153208989E+000                  2.2662795749253135E-003                 -2.6446865153208989E+000                 -9.8999999999999986E+001                 -9.8999999999999986E+001                 -2.6446865153208989E+000                  2.2662795749253135E-003                 -2.6446871250419677E+000                 -8.4973399292355971E+000                 -9.8999999999999986E+001                 -2.0000000000000000E+001                 -2.0000000000000000E+001                 -2.0000000000000000E+001                 -2.0000000000000000E+001                 -2.0000000000000000E+001                 -2.0000000000000000E+001                 -2.0000000000000000E+001                 -2.0000000000000000E+001                  0.0000000000000000E+000                  0.0000000000000000E+000                  0.0000000000000000E+000                  0.0000000000000000E+000                  0.0000000000000000E+000                  3.7191907349452604E+000                  3.2792100890523734E-001                  2.4823219542659439E-001                  4.1176944955056252E+000                  0.0000000000000000E+000                  1.5850707004999986E+001                  8.7913190888618575E-001                  6.8406160971671186E+000                  6.1289502209035573E-001                  8.5824753930319908E-001                  1.2743234288047849E+000                  7.1649950709800081E-001                  2.6947132972220428E-001                  2.3838810381942043E-003                  6.5489967737202420E-003                  2.3838810482634588E-003                  6.5489967737205647E-003                  1.0747499257931403E+000                  4.0420698947794503E-001                                        0                                        5 
                                     150                                      719                  6.0406126172097232E+006                  5.5292298088109950E+000                  1.5000000000000000E+000                  3.3474597169416349E+001                 -9.8999999999999986E+001                  0.0000000000000000E+000                  9.9999999982650012E-001                  8.8330638036098830E-001                  0.0000000000000000E+000                  0.0000000000000000E+000                  9.9999999982650012E-001                  8.8330638036098830E-001                  0.0000000000000000E+000                  0.0000000000000000E+000                 -2.0394478911357643E+000                  9.1317099562799077E-003                 -2.0394478911357652E+000                 -9.8999999999999986E+001                 -1.6806527234735565E+001                 -2.0394478911357643E+000                  9.1317099562799077E-003                 -2.0394585099580342E+000                 -6.6511611599004059E+000                 -9.8999999999999986E+001                 -2.0000000000000000E+001                 -2.0000000000000000E+001                 -2.0000000000000000E+001                 -2.0000000000000000E+001                 -2.0000000000000000E+001                 -2.0000000000000000E+001                 -2.0000000000000000E+001                 -2.0000000000000000E+001                  0.0000000000000000E+000                  0.0000000000000000E+000                  0.0000000000000000E+000                  0.0000000000000000E+000                  0.0000000000000000E+000                  3.7408380836411106E+000                  4.2128239411476071E-001                  2.5161819063965535E-001                  4.1109225050795031E+000                  0.0000000000000000E+000                  1.6184303001065530E+001                  1.1426177808597695E+000                  6.9102795894196163E+000                  6.1288813025050670E-001                  8.5824699539403793E-001                  1.2743251951223920E+000                  7.1649787561102174E-001                  2.6947132998154316E-001                  2.3838803580144298E-003                  6.5489967737159633E-003                  2.3838810482634592E-003                  6.5489967737205647E-003                  1.0747496910890177E+000                  4.0420699083992190E-001                                        0                                        5 
                                     155                                      720                  7.6419475270504132E+006                  5.4438350584056376E+000                  1.5000000000000000E+000                  3.3474597169416349E+001                 -9.8999999999999986E+001                  0.0000000000000000E+000                  9.9999999988900001E-001                  9.7538424837099724E-001                  0.0000000000000000E+000                  0.0000000000000000E+000                  9.9999999988900001E-001                  9.7538424837099724E-001                  0.0000000000000000E+000                  0.0000000000000000E+000                 -1.2966630712614422E+000                  5.0505296928783826E-002                 -1.2966630712615768E+000                 -5.5718046176981673E+001                 -1.3805563206632948E+001                 -1.2966630712614422E+000                  5.0505296928783826E-002                 -1.2970246599665316E+000                 -4.3764133085308634E+000                 -5.5718046176981673E+001                 -2.0000000000000000E+001                 -2.0000000000000000E+001                 -2.0000000000000000E+001                 -2.0000000000000000E+001                 -2.0000000000000000E+001                 -2.0000000000000000E+001                 -2.0000000000000000E+001                 -2.0000000000000000E+001                  0.0000000000000000E+000                  0.0000000000000000E+000                  0.0000000000000000E+000                  0.0000000000000000E+000                  0.0000000000000000E+000                  3.7706762748175047E+000                  6.1956460109856260E-001                  2.9108291177876994E-001                  4.0319930628012743E+000                  0.0000000000000000E+000                  1.6572986603404686E+001                  1.4380990769407123E+000                  7.0025505631837195E+000                  6.1288511915770827E-001                  8.5824407037633810E-001                  1.2743346646197706E+000                  7.1648913827557348E-001                  2.6947137079344485E-001                  2.3837726791413614E-003                  6.5489967735808310E-003                  2.3838810482634592E-003                  6.5489967737205647E-003                  1.0747484322924417E+000                  4.0420699333363608E-001                                        0                                        5 
                                     160                                      729                  8.9484470021975692E+006                  5.4059285904271110E+000                  1.5000000000000000E+000                  3.3474597169416349E+001                 -9.8999999999999986E+001                  0.0000000000000000E+000                  9.9999999995150002E-001                  9.9892137250823332E-001                  0.0000000000000000E+000                  0.0000000000000000E+000                  9.9999999995150002E-001                  9.9892137250823332E-001                  0.0000000000000000E+000                  0.0000000000000000E+000                 -5.4789180211392796E-001                  2.8320974820669470E-001                 -5.4789180213028976E-001                 -4.9138730545665183E+001                 -1.0971846046628460E+001                 -5.4789180211392796E-001                  2.8320974820669470E-001                 -5.5747564053771659E-001                 -2.2089197379976797E+000                 -4.9138730545665183E+001                 -2.0000000000000000E+001                 -2.0000000000000000E+001                 -2.0000000000000000E+001                 -2.0000000000000000E+001                 -2.0000000000000000E+001                 -2.0000000000000000E+001                 -2.0000000000000000E+001                 -2.0000000000000000E+001                  0.0000000000000000E+000                  0.0000000000000000E+000                  0.0000000000000000E+000                  0.0000000000000000E+000                  0.0000000000000000E+000                  3.8023834885522398E+000                  7.9952038111481505E-001                  3.1764637431742559E-001                  3.9788661377239629E+000                  0.0000000000000000E+000                  1.6924276183912141E+001                  1.6939449454226214E+000                  7.0968394880711774E+000                  6.1289680138542535E-001                  8.5823107149462552E-001                  1.2743722290726687E+000                  7.1645588572230590E-001                  2.6947898265109255E-001                  2.3714352307548266E-003                  6.5489966325822128E-003                  2.3838810482634592E-003                  6.5489967737205647E-003                  1.0747432014853207E+000                  4.0420722583210378E-001                                        0                                        6 
                                     165                                      756                  1.0113409595036222E+007                  5.3243435640117589E+000                  1.5000000000000000E+000                  3.3474597169416349E+001                 -9.8999999999999986E+001                  7.2133517380249318E-003                  3.3254754059364733E-003                  7.8131103961598392E-008                  9.9999999998275002E-001                  9.9999898394485387E-001                  3.3254754059364733E-003                  7.8131103961598392E-008                  9.9999999998275002E-001                  9.9999898394485387E-001                  3.6455018535434836E-001                  2.3149956823135960E+000                  3.6455018468297734E-001                 -4.3919795096041788E+001                 -8.4462715266796522E+000                  3.6455018535434836E-001                  2.3149956823135960E+000                  2.2333055184698836E-001                 -1.9203719730418409E-001                 -4.3919795096041788E+001                  0.0000000000000000E+000                 -2.0000000000000000E+001                 -2.0000000000000000E+001                  2.6876553782999754E+031                 -2.0000000000000000E+001                 -2.0000000000000000E+001                 -2.0000000000000000E+001                 -2.0000000000000000E+001                  0.0000000000000000E+000                  0.0000000000000000E+000                  0.0000000000000000E+000                  0.0000000000000000E+000                  0.0000000000000000E+000                  3.8414496479427980E+000                  8.8581546690250035E-001                  2.8266159843015093E-001                  4.0488356894985120E+000                  0.0000000000000000E+000                  1.7175740379061324E+001                  1.8445155741828054E+000                  7.1970707444348010E+000                  6.1297446542677281E-001                  8.5813424926621729E-001                  1.2746039991435760E+000                  7.1629938315332142E-001                  2.6958679260331841E-001                  1.6956469456329830E-003                  6.5489180058725237E-003                  2.3838810482634592E-003                  6.5489967737205647E-003                  1.0747246241982522E+000                  4.0421609827230648E-001                                        0                                        8 
                                     170                                      832                  1.1475413643341320E+007                  5.5648585750836341E+000                  1.5000000000000000E+000                  3.3474597169416349E+001                 -9.8999999999999986E+001                  2.2163452755165519E-001                  1.4738504702154043E-001                  7.8131103573020333E-008                  9.9999999999650002E-001                  9.9999998845970572E-001                  1.4738504702154043E-001                  7.8131103573020333E-008                  9.9999999999650002E-001                  9.9999998845970572E-001                  7.3507458200504039E-001                  5.4334363265062002E+000                  7.3507457947812771E-001                 -4.2074205201278197E+001                 -7.5001195097263853E+000                  7.3507458200504039E-001                  5.4334363265062002E+000                  4.0511649372226555E-001                  4.6116553746410432E-001                 -4.2074205201278197E+001                  0.0000000000000000E+000                 -2.0000000000000000E+001                 -2.0000000000000000E+001                  1.1970908794052468E+032                 -2.0000000000000000E+001                 -2.0000000000000000E+001                 -2.0000000000000000E+001                 -2.0000000000000000E+001                  0.0000000000000000E+000                  0.0000000000000000E+000                  0.0000000000000000E+000                  0.0000000000000000E+000                  0.0000000000000000E+000                  3.8539707076601473E+000                  7.7094575954903866E-001                  2.0018462531872269E-001                  4.2137896357213682E+000                  0.0000000000000000E+000                  1.7190356610200798E+001                  1.8212983281648454E+000                  7.2350838992909088E+000                  6.1304466229912080E-001                  8.5806708632753359E-001                  1.2748093295971092E+000                  7.1616193566586817E-001                  2.6963429796050481E-001                  1.1628620791132717E-003                  6.5487734418845922E-003                  2.3838810482634588E-003                  6.5489967737205638E-003                  1.0746532335765089E+000                  4.0424770506648311E-001                                        0                                        6 
                                     175                                      828                  1.4754147333981307E+007                  5.9607648053217579E+000                  1.5000000000000000E+000                  3.3474597169416349E+001                 -9.8999999999999986E+001                  1.2193024174802838E-001                  7.9295784982828188E-002                  7.8131103350975728E-008                  9.9999999999775002E-001                  9.9999999096672743E-001                  7.9295784982828188E-002                  7.8131103350975728E-008                  9.9999999999775002E-001                  9.9999999096672743E-001                  6.6111667073856917E-001                  4.5826498045603241E+000                  6.6111665942973441E-001                 -4.0919833405522049E+001                 -6.9232497900846637E+000                  6.6111667073856917E-001                  4.5826498045603241E+000                  5.8283946264398345E-001                 -1.2158328330414722E-001                 -4.0919833405522049E+001                  0.0000000000000000E+000                 -2.0000000000000000E+001                 -2.0000000000000000E+001                  5.6162142031357088E+031                 -2.0000000000000000E+001                 -2.0000000000000000E+001                 -2.0000000000000000E+001                 -2.0000000000000000E+001                  0.0000000000000000E+000                  0.0000000000000000E+000                  0.0000000000000000E+000                  0.0000000000000000E+000                  0.0000000000000000E+000                  3.8677228741235363E+000                  7.5239664078250024E-001                  1.6340573300867461E-001                  4.2873474203414652E+000                  0.0000000000000000E+000                  1.7293791587041387E+001                  1.9034761728852330E+000                  7.2561816860900734E+000                  6.1334073171363357E-001                  8.5777519019388326E-001                  1.2756314623822698E+000                  7.1555780517065393E-001                  2.7004048655095753E-001                  4.6084872849655666E-005                  6.5467087810506652E-003                  2.3838810482634592E-003                  6.5489967737205638E-003                  1.0744936224100234E+000                  4.0434779581055846E-001                                        0                                        7 
                                     180                                      827                  2.2912685951074604E+007                  6.3566710355598817E+000                  1.5000000000000000E+000                  3.3474597169416349E+001                 -9.8999999999999986E+001                  8.8452750163092439E-002                  5.6712840875723258E-002                  7.8131104905287962E-008                  9.9999999912337711E-001                  9.9999999729778011E-001                  5.6712840875723258E-002                  7.8131104905287962E-008                  9.9999999912337711E-001                  9.9999999729778011E-001                  7.4417453282195645E-001                  5.5484864888816547E+000                  7.4417451100338639E-001                 -4.0177553078680440E+001                 -6.5547835049593068E+000                  7.4417453282195645E-001                  5.5484864888816547E+000                  6.8108513731011100E-001                 -1.2481646704144146E-001                 -4.0177553078680440E+001                  0.0000000000000000E+000                 -2.0000000000000000E+001                 -2.0000000000000000E+001                  7.8397686901385828E+031                 -2.0000000000000000E+001                 -2.0000000000000000E+001                 -2.0000000000000000E+001                 -2.0000000000000000E+001                  0.0000000000000000E+000                  0.0000000000000000E+000                  0.0000000000000000E+000                  0.0000000000000000E+000                  0.0000000000000000E+000                  3.8764473076916945E+000                  7.4587526839369089E-001                  1.4269617967795423E-001                  4.3287665270029052E+000                  0.0000000000000000E+000                  1.7339257540930912E+001                  1.9351144385465839E+000                  7.2705320370151183E+000                  6.1428540737562642E-001                  8.5676163736854671E-001                  1.2781115253029467E+000                  7.1353213781048896E-001                  2.7206316233123895E-001                  1.6920720037027852E-005                  6.5218840768022151E-003                  2.3838810482634592E-003                  6.5489967737205638E-003                  1.0740450136240314E+000                  4.0474588839784631E-001                                        0                                        5 
                                     185                                      825                  4.3213740762760177E+007                  6.7525772657980063E+000                  1.5000000000000000E+000                  3.3474597169416349E+001                 -9.8999999999999986E+001                  1.0599341218149951E-001                  7.0626347995809025E-002                  7.8131104905287962E-008                  9.9999999912337711E-001                  9.9999999735215261E-001                  7.0626347995809025E-002                  7.8131104905287962E-008                  9.9999999912337711E-001                  9.9999999735215261E-001                  7.4766439948508823E-001                  5.5932521659622125E+000                  7.4766437469473168E-001                 -4.0030784370407311E+001                 -6.4958371496569907E+000                  7.4766439948508823E-001                  5.5932521659622125E+000                  6.9411189221530967E-001                 -1.8784145861601437E-001                 -4.0030784370407311E+001                  0.0000000000000000E+000                 -2.0000000000000000E+001                 -2.0000000000000000E+001                  8.7580917716861055E+031                 -2.0000000000000000E+001                 -2.0000000000000000E+001                 -2.0000000000000000E+001                 -2.0000000000000000E+001                  0.0000000000000000E+000                  0.0000000000000000E+000                  0.0000000000000000E+000                  0.0000000000000000E+000                  0.0000000000000000E+000                  3.8773177697481906E+000                  7.4781523902169844E-001                  1.4192524087896530E-001                  4.3303084046008831E+000                  0.0000000000000000E+000                  1.7343579098499955E+001                  1.9384089190757934E+000                  7.2731073223605742E+000                  6.1648957389148618E-001                  8.5441033614472695E-001                  1.2838962614976941E+000                  7.0883303401473574E-001                  2.7675859813250192E-001                  1.6938065980679548E-005                  6.4655744583809504E-003                  2.3838810482634592E-003                  6.5489967737205638E-003                  1.0729181636973750E+000                  4.0580648272861652E-001                                        0                                        5 
                                     190                                      827                  9.3729261471773610E+007                  7.1484834960361301E+000                  1.5000000000000000E+000                  3.3474597169416349E+001                 -9.8999999999999986E+001                  1.1253372938277931E-001                  7.0626347995808803E-002                  7.8131104683243358E-008                  9.9999999912337689E-001                  9.9999999734211087E-001                  7.0626347995808803E-002                  7.8131104683243358E-008                  9.9999999912337689E-001                  9.9999999734211087E-001                  7.5298341301681093E-001                  5.6621766310791344E+000                  7.5298338523608543E-001                 -3.9843314187095771E+001                 -6.4410573285856998E+000                  7.5298341301681093E-001                  5.6621766310791344E+000                  7.0001221105912514E-001                 -1.8697774143356008E-001                 -3.9843314187095771E+001                  0.0000000000000000E+000                 -2.0000000000000000E+001                 -2.0000000000000000E+001                  9.2045333823484044E+031                 -2.0000000000000000E+001                 -2.0000000000000000E+001                 -2.0000000000000000E+001                 -2.0000000000000000E+001                  0.0000000000000000E+000                  0.0000000000000000E+000                  0.0000000000000000E+000                  0.0000000000000000E+000                  0.0000000000000000E+000                  3.8776594573563328E+000                  7.5294450595167361E-001                  1.4380649912766905E-001                  4.3265458881034755E+000                  0.0000000000000000E+000                  1.7347647941378089E+001                  1.9439506784946734E+000                  7.2758119097223348E+000                  6.2246642845034150E-001                  8.4813009663957084E-001                  1.2996058767735061E+000                  6.9628272967812532E-001                  2.8930030727309747E-001                  1.7149763344485079E-005                  6.3002441471519998E-003                  2.3838810482634592E-003                  6.5489967737205638E-003                  1.0701172315539735E+000                  4.0853024409414934E-001                                        0                                        5 
                                     195                                      827                  2.1942804196242592E+008                  7.5443897262742539E+000                  1.5000000000000000E+000                  3.3474597169416349E+001                 -9.8999999999999986E+001                  1.1471029372305189E-001                  7.6376066981167390E-002                  7.8131104683243358E-008                  9.9999999907650194E-001                  9.9999999726363376E-001                  7.6376066981167390E-002                  7.8131104683243358E-008                  9.9999999907650194E-001                  9.9999999726363376E-001                  7.6507833369713096E-001                  5.8220822119962730E+000                  7.6507829933462301E-001                 -3.9450210241940056E+001                 -6.3366211413604399E+000                  7.6507833369713096E-001                  5.8220822119962730E+000                  7.0361791382850747E-001                 -1.1447857948200822E-001                 -3.9450210241940056E+001                  0.0000000000000000E+000                 -2.0000000000000000E+001                 -2.0000000000000000E+001                  9.7427008017197965E+031                 -2.0000000000000000E+001                 -2.0000000000000000E+001                 -2.0000000000000000E+001                 -2.0000000000000000E+001                  0.0000000000000000E+000                  0.0000000000000000E+000                  0.0000000000000000E+000                  0.0000000000000000E+000                  0.0000000000000000E+000                  3.8776162489931516E+000                  7.6499273601827034E-001                  1.4991703088732938E-001                  4.3143248245841557E+000                  0.0000000000000000E+000                  1.7354995328610858E+001                  1.9562589289119396E+000                  7.2812988857052767E+000                  6.3761095285723668E-001                  8.3267115627046973E-001                  1.3399635341392804E+000                  6.6538738014114340E-001                  3.2018280485566131E-001                  1.7758612085625818E-005                  5.8806550489562603E-003                  2.3838810482634592E-003                  6.5489967737205638E-003                  1.0630305629075070E+000                  4.1552299766746187E-001                                        0                                        5 
                                     200                                      830                  4.3445553810106027E+008                  7.5843457855948522E+000                  1.5000000000000000E+000                  3.3474597169416349E+001                 -9.8999999999999986E+001                  1.1907362014118740E-001                  7.6376066981167390E-002                  7.8131104683243358E-008                  9.9999999902962700E-001                  9.9999999702743925E-001                  7.6376066981167390E-002                  7.8131104683243358E-008                  9.9999999902962700E-001                  9.9999999702743925E-001                  7.8478900705939525E-001                  6.0924083834000928E+000                  7.8478895920776481E-001                 -3.8800611787510540E+001                 -6.1730985877976501E+000                  7.8478900705939525E-001                  6.0924083834000928E+000                  6.9863592416636100E-001                  3.9910586180645469E-002                 -3.8800611787510540E+001                  0.0000000000000000E+000                 -2.0000000000000000E+001                 -2.0000000000000000E+001                  1.1020002960644508E+032                 -2.0000000000000000E+001                 -2.0000000000000000E+001                 -2.0000000000000000E+001                 -2.0000000000000000E+001                  0.0000000000000000E+000                  0.0000000000000000E+000                  0.0000000000000000E+000                  0.0000000000000000E+000                  0.0000000000000000E+000                  3.8762122936381918E+000                  7.8462888368058925E-001                  1.6254301542840779E-001                  4.2890728555019981E+000                  0.0000000000000000E+000                  1.7364749825144070E+001                  1.9771718918649701E+000                  7.2905236645341693E+000                  6.6818814237273338E-001                  8.0356525426709535E-001                  1.4231678659900746E+000                  6.0720844824831266E-001                  3.7837645316815594E-001                  1.9997629244569131E-005                  5.0092057015146867E-003                  2.3838810482634592E-003                  6.5489967737205638E-003                  1.0504350275738163E+000                  4.2803268825242846E-001                                        0                                        5 
                                     205                                      832                  6.3645051664750600E+008                  7.7069509726080483E+000                  1.5000000000000000E+000                  3.3474597169416349E+001                 -9.8999999999999986E+001                  1.2588820915032775E-001                  8.2215502984491484E-002                  7.8131104572221055E-008                  9.9999999892025193E-001                  9.9999999670300110E-001                  8.2215502984491484E-002                  7.8131104572221055E-008                  9.9999999892025193E-001                  9.9999999670300110E-001                  8.0216227246825444E-001                  6.3410659849778774E+000                  8.0216221043898805E-001                 -3.8254976305747142E+001                 -6.0430254247589819E+000                  8.0216227246825444E-001                  6.3410659849778774E+000                  6.8052131684136363E-001                  1.9005571968703178E-001                 -3.8254976305747142E+001                  0.0000000000000000E+000                 -2.0000000000000000E+001                 -2.0000000000000000E+001                  1.1981108386426082E+032                 -2.0000000000000000E+001                 -2.0000000000000000E+001                 -2.0000000000000000E+001                 -2.0000000000000000E+001                  0.0000000000000000E+000                  0.0000000000000000E+000                  0.0000000000000000E+000                  0.0000000000000000E+000                  0.0000000000000000E+000                  3.8731782053418007E+000                  8.0192496522708112E-001                  1.7725923279443570E-001                  4.2596404207699425E+000                  0.0000000000000000E+000                  1.7369059072924664E+001                  1.9936637234350756E+000                  7.2985879764613273E+000                  7.0001056969370468E-001                  7.7601505806793158E-001                  1.5120415840271073E+000                  5.5211878224224553E-001                  4.3353576189767140E-001                  2.3451803859250387E-005                  4.2244934514496998E-003                  2.3838810482634592E-003                  6.5489967737205638E-003                  1.0380598607572693E+000                  4.4035841283123722E-001                                        0                                        5 
                                     210                                      849                  8.2014778236997080E+008                  7.5168961609890941E+000                  1.5000000000000000E+000                  3.3474597169416349E+001                 -9.8999999999999986E+001                  1.3291520900239009E-001                  8.8512236784970888E-002                  7.8131103906087240E-008                  9.4134974284795447E-002                  8.9187129135110094E-002                  8.8512236784970888E-002                  7.8131103906087240E-008                  9.4134974284795447E-002                  8.9187129135110094E-002                  8.1681261785728232E-001                  6.5586222474773379E+000                  8.1681254234466683E-001                 -3.7777414555095952E+001                 -5.9429522181847263E+000                  8.1681261785728232E-001                  6.5586222474773379E+000                  6.4902521809483793E-001                  3.2259135407234524E-001                 -3.7777414555095952E+001                  0.0000000000000000E+000                 -2.0000000000000000E+001                 -2.0000000000000000E+001                  1.3197062735972626E+032                 -2.0000000000000000E+001                 -2.0000000000000000E+001                 -2.0000000000000000E+001                 -2.0000000000000000E+001                  0.0000000000000000E+000                  0.0000000000000000E+000                  0.0000000000000000E+000                  0.0000000000000000E+000                  0.0000000000000000E+000                  3.8686350340329545E+000                  8.1650653088613057E-001                  1.9363635824165434E-001                  4.2268861698755051E+000                  0.0000000000000000E+000                  1.7369451264862462E+001                  2.0083199597353043E+000                  7.3057516396515307E+000                  7.3535016460917080E-001                  7.4823358744540258E-001                  1.6136606626442049E+000                  4.9655260228588921E-001                  4.8920809220322081E-001                  2.7837736013824331E-005                  3.4802028096394201E-003                  2.3838810482634592E-003                  6.5489967737205638E-003                  1.0263490059799927E+000                  4.5203749336686744E-001                                        0                                        5 
                                     215                                      851                  1.0064223069612521E+009                  7.5180693690256284E+000                  1.5000000000000000E+000                  3.3474597169416349E+001                 -9.8999999999999986E+001                  1.3784395353502210E-001                  9.0386482618244779E-002                  7.8131102795864216E-008                  9.8685229766109828E-002                  9.7293431046002771E-002                  9.0386482618244779E-002                  7.8131102795864216E-008                  9.8685229766109828E-002                  9.7293431046002771E-002                  8.3164651159020564E-001                  6.7865102847600456E+000                  8.3164642177979320E-001                 -3.7340189234262560E+001                 -5.8528111541420778E+000                  8.3164651159020564E-001                  6.7865102847600456E+000                  6.0634542981852568E-001                  4.3883386164242277E-001                 -3.7340189234262560E+001                  0.0000000000000000E+000                 -2.0000000000000000E+001                 -2.0000000000000000E+001                  1.3165800433909009E+032                 -2.0000000000000000E+001                 -2.0000000000000000E+001                 -2.0000000000000000E+001                 -2.0000000000000000E+001                  0.0000000000000000E+000                  0.0000000000000000E+000                  0.0000000000000000E+000                  0.0000000000000000E+000                  0.0000000000000000E+000                  3.8628469468703823E+000                  8.3128930427252323E-001                  2.1260391925999483E-001                  4.1889510478388248E+000                  0.0000000000000000E+000                  1.7367563567303193E+001                  2.0207185063183353E+000                  7.3126809894212270E+000                  7.7201913041980363E-001                  7.2198771833579900E-001                  1.7230745771753644E+000                  4.4404663857076382E-001                  5.4182907634324984E-001                  3.2328567289859686E-005                  2.9254993842266729E-003                  2.3838810482634592E-003                  6.5489967737205638E-003                  1.0140117436819553E+000                  4.6434937696926332E-001                                        0                                        5 
                                     220                                      859                  1.1589217678745413E+009                  7.5315717627390253E+000                  1.5000000000000000E+000                  3.3474597169416349E+001                 -9.8999999999999986E+001                  1.3469949772077924E-001                  8.5176445301403447E-002                  7.8131104017109543E-008                  1.0020198159321625E-001                  9.7168523254403935E-002                  8.5176445301403447E-002                  7.8131104017109543E-008                  1.0020198159321625E-001                  9.7168523254403935E-002                  8.4255350653102323E-001                  6.9591068794077753E+000                  8.4255340350586017E-001                 -3.6928669005637701E+001                 -5.7822875455915819E+000                  8.4255350653102323E-001                  6.9591068794077753E+000                  5.5167522255576384E-001                  5.3112859880058716E-001                 -3.6928669005637701E+001                  0.0000000000000000E+000                 -2.0000000000000000E+001                 -2.0000000000000000E+001                  1.3033678838132489E+032                 -2.0000000000000000E+001                 -2.0000000000000000E+001                 -2.0000000000000000E+001                 -2.0000000000000000E+001                  0.0000000000000000E+000                  0.0000000000000000E+000                  0.0000000000000000E+000                  0.0000000000000000E+000                  0.0000000000000000E+000                  3.8563615690353803E+000                  8.4213818000509100E-001                  2.3099911279628169E-001                  4.1521606607662509E+000                  0.0000000000000000E+000                  1.7365477070407135E+001                  2.0352501692973757E+000                  7.3192489197154593E+000                  8.1434502763413230E-001                  6.9470931062558294E-001                  1.8537119160628348E+000                  3.8947539700100503E-001                  5.9651607068395174E-001                  3.7046517653358537E-005                  2.3683100397329957E-003                  2.3838810482634592E-003                  6.5489967737205638E-003                  1.0035893602527204E+000                  4.7475097383943299E-001                                        0                                        5 
                                     225                                      866                  1.3155248609553001E+009                  7.4189823025193693E+000                  1.5000000000000000E+000                  3.3474597169416349E+001                 -9.8999999999999986E+001                  1.3426240850060056E-001                  8.7781463959824224E-002                  7.8131103573020333E-008                  1.0020198159321536E-001                  9.7067971409605797E-002                  8.7781463959824224E-002                  7.8131103573020333E-008                  1.0020198159321536E-001                  9.7067971409605797E-002                  8.5298244938087575E-001                  7.1282422303881345E+000                  8.5298233023359560E-001                 -3.6467417161282313E+001                 -5.7087177884756093E+000                  8.5298244938087575E-001                  7.1282422303881345E+000                  4.7646498164218382E-001                  6.1624125992547218E-001                 -3.6467417161282313E+001                  0.0000000000000000E+000                 -2.0000000000000000E+001                 -2.0000000000000000E+001                  1.2483615503949567E+032                 -2.0000000000000000E+001                 -2.0000000000000000E+001                 -2.0000000000000000E+001                 -2.0000000000000000E+001                  0.0000000000000000E+000                  0.0000000000000000E+000                  0.0000000000000000E+000                  0.0000000000000000E+000                  0.0000000000000000E+000                  3.8484690832622634E+000                  8.5251263441898373E-001                  2.5197131154946167E-001                  4.1102162632598906E+000                  0.0000000000000000E+000                  1.7363934819329462E+001                  2.0535496511178151E+000                  7.3269184364064044E+000                  8.6740837312853714E-001                  6.6405499370879428E-001                  2.0263710079728456E+000                  3.2815097019887851E-001                  6.5795436746257530E-001                  4.1985779514189328E-005                  1.8573559871618616E-003                  2.3838810482634588E-003                  6.5489967737205638E-003                  9.9258489197598299E-001                  4.8573127198142585E-001                                        0                                        5 
                                     230                                      858                  1.4375977239978664E+009                  7.3763001763332330E+000                  1.5000000000000000E+000                  3.3474597169416349E+001                 -9.8999999999999986E+001                  1.2861883102454716E-001                  8.5176445301403919E-002                  7.8131104488954328E-008                  1.0020198159321558E-001                  9.6951539587660604E-002                  8.5176445301403919E-002                  7.8131104488954328E-008                  1.0020198159321558E-001                  9.6951539587660604E-002                  8.6039613351445909E-001                  7.2509704211332728E+000                  8.6039599865694250E-001                 -3.6061222187879686E+001                 -5.6475130871290027E+000                  8.6039613351445909E-001                  7.2509704211332728E+000                  3.9945423019688969E-001                  6.7598319938952500E-001                 -3.6061222187879686E+001                  0.0000000000000000E+000                 -2.0000000000000000E+001                 -2.0000000000000000E+001                  1.2183616737282323E+032                 -2.0000000000000000E+001                 -2.0000000000000000E+001                 -2.0000000000000000E+001                 -2.0000000000000000E+001                  0.0000000000000000E+000                  0.0000000000000000E+000                  0.0000000000000000E+000                  0.0000000000000000E+000                  0.0000000000000000E+000                  3.8414064963566075E+000                  8.5987639379261338E-001                  2.6977836504758856E-001                  4.0746021562636372E+000                  0.0000000000000000E+000                  1.7364179455717121E+001                  2.0715856511713588E+000                  7.3339544322988539E+000                  9.1853520991905213E-001                  6.3802449504884484E-001                  2.2004206717753627E+000                  2.7607946115853460E-001                  7.1010309416120632E-001                  4.5806903903644833E-005                  1.5064237187238955E-003                  2.3838810482634610E-003                  6.5489967737205638E-003                  9.8381337915180855E-001                  4.9448001154983617E-001                                        0                                        5 
                                     235                                      879                  1.5494795854988625E+009                  7.3320712981551921E+000                  1.5000000000000000E+000                  3.3474597169416349E+001                 -9.8999999999999986E+001                  1.2419013673867425E-001                  8.2215502984491803E-002                  7.8131104780387872E-008                  9.8685229766110716E-002                  9.6943159554752550E-002                  8.2215502984491803E-002                  7.8131104780387872E-008                  9.8685229766110716E-002                  9.6943159554752550E-002                  8.6633246767286165E-001                  7.3507637959374144E+000                  8.6633231489687268E-001                 -3.5628610801250595E+001                 -5.5873968162909176E+000                  8.6633246767286165E-001                  7.3507637959374144E+000                  3.1002238478417005E-001                  7.2500601950710719E-001                 -3.5628610801250595E+001                  0.0000000000000000E+000                 -2.0000000000000000E+001                 -2.0000000000000000E+001                  1.1699646374601833E+032                 -2.0000000000000000E+001                 -2.0000000000000000E+001                 -2.0000000000000000E+001                 -2.0000000000000000E+001                  0.0000000000000000E+000                  0.0000000000000000E+000                  0.0000000000000000E+000                  0.0000000000000000E+000                  0.0000000000000000E+000                  3.8344249141569673E+000                  8.6575827053192522E-001                  2.8668246781652540E-001                  4.0407939507257629E+000                  0.0000000000000000E+000                  1.7366747289682642E+001                  2.0928373481247049E+000                  7.3416962581770306E+000                  9.7603458508517882E-001                  6.1182805158945008E-001                  2.4086339461113591E+000                  2.2367914133435857E-001                  7.6256297324052280E-001                  4.9325408294027385E-005                  1.2198533645573720E-003                  2.3838810482634610E-003                  6.5489967737205638E-003                  9.7563513210162334E-001                  5.0263353859704318E-001                                        0                                        5 
                                     240                                      893                  1.6687263034655693E+009                  7.3778261704580572E+000                  1.5000000000000000E+000                  3.3474597169416349E+001                 -9.8999999999999986E+001                  1.1660383607816542E-001                  7.4938637234827896E-002                  7.8131104835899023E-008                  9.9999999998040623E-001                  9.9999588260626615E-001                  7.4938637234827896E-002                  7.8131104835899023E-008                  9.9999999998040623E-001                  9.9999588260626615E-001                  8.7167898164782054E-001                  7.4418169223100259E+000                  8.7167880423955713E-001                 -3.5062570679235087E+001                 -5.5171315736453579E+000                  8.7167898164782054E-001                  7.4418169223100259E+000                  1.9173167730174834E-001                  7.6987996621141497E-001                 -3.5062570679235087E+001                  0.0000000000000000E+000                 -2.0000000000000000E+001                 -2.0000000000000000E+001                  1.1061651292493934E+032                 -2.0000000000000000E+001                 -2.0000000000000000E+001                 -2.0000000000000000E+001                 -2.0000000000000000E+001                  0.0000000000000000E+000                  0.0000000000000000E+000                  0.0000000000000000E+000                  0.0000000000000000E+000                  0.0000000000000000E+000                  3.8266801267277675E+000                  8.7105643179991943E-001                  3.0482112330892169E-001                  4.0045166397409702E+000                  0.0000000000000000E+000                  1.7374681417543307E+001                  2.1234596529975516E+000                  7.3522250285578998E+000                  1.0538128824815869E+000                  5.8115574714681839E-001                  2.7087565343756026E+000                  1.6232909386432851E-001                  8.2396345233578294E-001                  5.3241438004385407E-005                  9.5726865145592398E-004                  2.3838810482634605E-003                  6.5489967737205638E-003                  9.6678905460724796E-001                  5.1144901722611891E-001                                        0                                        5 
                                     245                                      914                  1.7649454237871397E+009                  7.2531927465341495E+000                  1.5000000000000000E+000                  3.3474597169416349E+001                 -9.8999999999999986E+001                  1.0829506739697890E-001                  7.1704420305563385E-002                  7.8131104558343267E-008                  9.9999999996712496E-001                  9.9998634995777613E-001                  7.1704420305563385E-002                  7.8131104558343267E-008                  9.9999999996712496E-001                  9.9998634995777613E-001                  8.7599088606647491E-001                  7.5160712092068831E+000                  8.7599068149439019E-001                 -3.4447894528248547E+001                 -5.4509471566359986E+000                  8.7599088606647491E-001                  7.5160712092068831E+000                  8.3649774414695482E-002                  7.9959256910041054E-001                 -3.4447894528248547E+001                  0.0000000000000000E+000                 -2.0000000000000000E+001                 -2.0000000000000000E+001                  1.0548830519766902E+032                 -2.0000000000000000E+001                 -2.0000000000000000E+001                 -2.0000000000000000E+001                 -2.0000000000000000E+001                  0.0000000000000000E+000                  0.0000000000000000E+000                  0.0000000000000000E+000                  0.0000000000000000E+000                  0.0000000000000000E+000                  3.8205296574178633E+000                  8.7539662515272576E-001                  3.1929215860513332E-001                  3.9755745691485478E+000                  0.0000000000000000E+000                  1.7390747610656501E+001                  2.1594956774706131E+000                  7.3640707455430690E+000                  1.1341217227733082E+000                  5.5392559591253732E-001                  3.0456816461641756E+000                  1.0786584588192721E-001                  8.7845915419559328E-001                  5.6934849431558384E-005                  7.7605374134205086E-004                  2.3838810482634605E-003                  6.5489967737205638E-003                  9.5956519282885600E-001                  5.1864617482368969E-001                                        0                                        5 
                                     250                                      926                  1.8469650316578362E+009                  7.1684847159740741E+000                  1.5000000000000000E+000                  3.3474597169416349E+001                 -9.8999999999999986E+001                  9.8493655006980485E-002                  6.4974203626304114E-002                  7.8131104225276360E-008                  9.9999999996712496E-001                  9.9997124556798644E-001                  6.4974203626304114E-002                  7.8131104225276360E-008                  9.9999999996712496E-001                  9.9997124556798644E-001                  8.8344129576316177E-001                  7.6461232765753930E+000                  8.8344105398441508E-001                 -3.3595367945250793E+001                 -5.3709250145072120E+000                  8.8344129576316177E-001                  7.6461232765753930E+000                  1.1722282505172169E-002                  8.2077662673771790E-001                 -3.3595367945250793E+001                  0.0000000000000000E+000                 -2.0000000000000000E+001                 -2.0000000000000000E+001                  9.8581865517143555E+031                 -2.0000000000000000E+001                 -2.0000000000000000E+001                 -2.0000000000000000E+001                 -2.0000000000000000E+001                  1.0796090757450257E-001                  0.0000000000000000E+000                  0.0000000000000000E+000                  0.0000000000000000E+000                  0.0000000000000000E+000                  3.8167002957002456E+000                  8.8325792116516744E-001                  3.3088153004658899E-001                  3.9523958262656365E+000                  0.0000000000000000E+000                  1.7427928101792794E+001                  2.2125517023178611E+000                  7.3810953038713505E+000                  1.2239421247018816E+000                  5.2787898667346311E-001                  3.4569974645673471E+000                  5.5770807969989157E-002                  9.3057791534344969E-001                  6.1643878316185101E-005                  6.3853761326998135E-004                  2.3838810482634592E-003                  6.5489967737205621E-003                  9.5332428581246287E-001                  5.2486626214234089E-001                                        0                                        5 
                                     255                                      909                  1.8944387382014258E+009                  6.8011723504801385E+000                  1.5000000000000000E+000                  3.3474597169416349E+001                 -9.8999999999999986E+001                  8.7901573339174588E-002                  5.8070501363808744E-002                  7.8131103503631394E-008                  9.9999999996712496E-001                  9.9997825257252615E-001                  5.8070501363808744E-002                  7.8131103503631394E-008                  9.9999999996712496E-001                  9.9997825257252615E-001                  8.9934772725599565E-001                  7.9313611787985367E+000                  8.9934744209466844E-001                 -3.2538318167094516E+001                 -5.2833460993588348E+000                  8.9934772725599565E-001                  7.9313611787985367E+000                  5.6536525941111651E-002                  8.3201829139722894E-001                 -3.2538318167094516E+001                  0.0000000000000000E+000                  0.0000000000000000E+000                  3.4361943636004948E+029                  9.5014139322081137E+031                 -2.0000000000000000E+001                 -2.0000000000000000E+001                 -2.0000000000000000E+001                 -2.0000000000000000E+001                  1.0796090757450157E-001                  0.0000000000000000E+000                  0.0000000000000000E+000                  0.0000000000000000E+000                  0.0000000000000000E+000                  3.8189807409306495E+000                  9.0119102497432457E-001                  3.3528719149036051E-001                  3.9435845033780930E+000                  0.0000000000000000E+000                  1.7495557293687188E+001                  2.2812797067535704E+000                  7.4026195582645009E+000                  1.2901118837541150E+000                  5.1106959062962487E-001                  3.7870614158230311E+000                  2.2151147548428854E-002                  9.6421103135084330E-001                  6.7277037918613521E-005                  5.6204609552802675E-004                  2.3838810482634592E-003                  6.5489967737205621E-003                  9.4962152538220312E-001                  5.2856584486211822E-001                                        0                                        5 
                                     260                                      918                  1.9121080159044619E+009                  6.3436724142709382E+000                  1.5000000000000000E+000                  3.3474597169416349E+001                 -9.8999999999999986E+001                  7.6262296030976243E-002                  5.0035832270900124E-002                  7.8131103781187150E-008                  9.9999999998040623E-001                  9.9999494548524448E-001                  5.0035832270900124E-002                  7.8131103781187150E-008                  9.9999999998040623E-001                  9.9999494548524448E-001                  9.1926143015353601E-001                  8.3035045915980312E+000                  9.1926111483813333E-001                 -3.1508234128277298E+001                 -5.2197778529552830E+000                  9.1926143015353601E-001                  8.3035045915980312E+000                  1.8529444199286355E-001                  8.3067671864548975E-001                 -3.1508234128277298E+001                  0.0000000000000000E+000                  0.0000000000000000E+000                  1.0673563789878273E+029                  9.0847088119761844E+031                 -2.0000000000000000E+001                 -2.0000000000000000E+001                 -2.0000000000000000E+001                 -2.0000000000000000E+001                  1.0796090757450191E-001                  0.0000000000000000E+000                  0.0000000000000000E+000                  0.0000000000000000E+000                  0.0000000000000000E+000                  3.8265633410233075E+000                  9.2712231119983290E-001                  3.3308763441779798E-001                  3.9479836175232181E+000                  0.0000000000000000E+000                  1.7579263880379841E+001                  2.3538541786286591E+000                  7.4232117990924875E+000                  1.3195410204353741E+000                  5.0415415041695100E-001                  3.9418946313546166E+000                  8.3199658945604903E-003                  9.7804830663134190E-001                  7.2775234783046785E-005                  5.3108061341098647E-004                  2.3838810482634592E-003                  6.5489967737205621E-003                  9.4819253793780034E-001                  5.3000492133521959E-001                                        0                                        5 
