                                       1                                        2                                        3                                        4                                        5                                        6                                        7                                        8                                        9                                       10                                       11 
                          version_number                                 compiler                                    build                         MESA_SDK_version                             math_backend                                     date                                burn_min1                                burn_min2                                     msun                                     rsun                                     lsun 
                               "r26.4.1"                               "gfortran"                                 "15.2.0"                    "x86_64-linux-26.6.1"                                 "CRMATH"                               "20260609"                  5.0000000000000000E+001                  1.0000000000000000E+003                  1.9884098706980504E+033                  6.9570000000000000E+010                  3.8280000000000003E+033 

                                       1                                        2                                        3                                        4                                        5                                        6                                        7                                        8                                        9                                       10                                       11                                       12                                       13                                       14                                       15                                       16                                       17                                       18                                       19                                       20                                       21                                       22                                       23                                       24                                       25                                       26                                       27                                       28                                       29                                       30                                       31                                       32                                       33                                       34                                       35                                       36                                       37                                       38                                       39                                       40                                       41                                       42                                       43                                       44                                       45                                       46                                       47                                       48                                       49                                       50                                       51                                       52                                       53                                       54                                       55                                       56                                       57                                       58                                       59                                       60 
                            model_number                                num_zones                                 star_age                                   log_dt                                star_mass                               log_xmstar                             log_abs_mdot                           mass_conv_core                             conv_mx1_top                             conv_mx1_bot                             conv_mx2_top                             conv_mx2_bot                                  mx1_top                                  mx1_bot                                  mx2_top                                  mx2_bot                       log_power_nuc_burn                           power_nuc_burn                                   log_LH                                  log_LHe                                   log_LZ                                 log_Lnuc                                     Lnuc                                       pp                                      cno                                tri_alpha                               epsnuc_M_1                               epsnuc_M_2                               epsnuc_M_3                               epsnuc_M_4                               epsnuc_M_5                               epsnuc_M_6                               epsnuc_M_7                               epsnuc_M_8                             he_core_mass                             co_core_mass                            one_core_mass                             fe_core_mass                   neutron_rich_core_mass                                 log_Teff                                    log_L                                    log_R                                    log_g                        v_div_csound_surf                               log_cntr_P                             log_cntr_Rho                               log_cntr_T                                center_mu                                center_ye                              center_abar                                center_h1                               center_he4                               center_c12                               center_o16                              surface_c12                              surface_o16                            total_mass_h1                           total_mass_he4                              num_retries                                num_iters 
                                       1                                      711                  1.0000000000000001E-005                 -4.9999999999999991E+000                  1.0000000000000000E+000                  3.3298505910360667E+001                 -9.8999999999999986E+001                  0.0000000000000000E+000                  9.9999999907649995E-001                  4.0821363549844170E-002                  0.0000000000000000E+000                  0.0000000000000000E+000                  9.9999999907649995E-001                  4.0821363549844170E-002                  0.0000000000000000E+000                  0.0000000000000000E+000                 -4.1841408264596067E+000                  6.5442393294247363E-005                 -4.1841408264596076E+000                 -9.8999999999999986E+001                 -1.9566949718158774E+001                 -4.1841408264596067E+000                  6.5442393294247363E-005                 -4.1841408264606237E+000                 -1.5815010940773650E+001                 -9.8999999999999986E+001                 -2.0000000000000000E+001                 -2.0000000000000000E+001                 -2.0000000000000000E+001                 -2.0000000000000000E+001                 -2.0000000000000000E+001                 -2.0000000000000000E+001                 -2.0000000000000000E+001                 -2.0000000000000000E+001                  0.0000000000000000E+000                  0.0000000000000000E+000                  0.0000000000000000E+000                  0.0000000000000000E+000                  0.0000000000000000E+000                  3.6538467059187187E+000                  1.2610101114045977E-001                  2.7801025459728995E-001                  3.8820471181085532E+000                  0.0000000000000000E+000                  1.4844330145508145E+001                  1.0885403136857852E-001                  6.6052026860987212E+000                  6.1296623945216988E-001                  8.5824770319108301E-001                  1.2743228965333047E+000                  7.1650000000000003E-001                  2.6947131977607075E-001                  2.3838810482634588E-003                  6.5489967737205716E-003                  2.3838810482634588E-003                  6.5489967737205742E-003                  7.1649999999999991E-001                  2.6947131977607064E-001                                        0                                        5 
                                       5                                      704                  7.4416000000000014E-005                 -4.6832750158095005E+000                  1.0000000000000000E+000                  3.3298505910360667E+001                 -9.8999999999999986E+001                  0.0000000000000000E+000                  9.9999999926399996E-001                  3.9751289768677471E-002                  0.0000000000000000E+000                  0.0000000000000000E+000                  9.9999999926399996E-001                  3.9751289768677471E-002                  0.0000000000000000E+000                  0.0000000000000000E+000                 -4.1839514429250411E+000                  6.5470937093294775E-005                 -4.1839514429250411E+000                 -9.8999999999999986E+001                 -9.8999999999999986E+001                 -4.1839514429250411E+000                  6.5470937093294775E-005                 -4.1839514429264106E+000                 -1.5685289119690436E+001                 -9.8999999999999986E+001                 -2.0000000000000000E+001                 -2.0000000000000000E+001                 -2.0000000000000000E+001                 -2.0000000000000000E+001                 -2.0000000000000000E+001                 -2.0000000000000000E+001                 -2.0000000000000000E+001                 -2.0000000000000000E+001                  0.0000000000000000E+000                  0.0000000000000000E+000                  0.0000000000000000E+000                  0.0000000000000000E+000                  0.0000000000000000E+000                  3.6540468054050530E+000                  1.2690675715781483E-001                  2.7801292863329802E-001                  3.8820417700365368E+000                  0.0000000000000000E+000                  1.4844330145525317E+001                  1.0885403138266504E-001                  6.6052026861018129E+000                  6.1296623945216877E-001                  8.5824770319108301E-001                  1.2743228965333047E+000                  7.1650000000000003E-001                  2.6947131977607075E-001                  2.3838810482634588E-003                  6.5489967737205716E-003                  2.3838810482634592E-003                  6.5489967737205751E-003                  7.1649999999999991E-001                  2.6947131977607064E-001                                        0                                        5 
                                      10                                      704                  2.5958682111999997E-004                 -4.2873687855713758E+000                  1.0000000000000000E+000                  3.3298505910360667E+001                 -9.8999999999999986E+001                  0.0000000000000000E+000                  9.9999999926399996E-001                  4.0345597013892724E-002                  0.0000000000000000E+000                  0.0000000000000000E+000                  9.9999999926399996E-001                  4.0345597013892724E-002                  0.0000000000000000E+000                  0.0000000000000000E+000                 -4.1834142069550939E+000                  6.5551976821174224E-005                 -4.1834142069550939E+000                 -9.8999999999999986E+001                 -9.8999999999999986E+001                 -4.1834142069550939E+000                  6.5551976821174224E-005                 -4.1834142069565265E+000                 -1.5664943431149464E+001                 -9.8999999999999986E+001                 -2.0000000000000000E+001                 -2.0000000000000000E+001                 -2.0000000000000000E+001                 -2.0000000000000000E+001                 -2.0000000000000000E+001                 -2.0000000000000000E+001                 -2.0000000000000000E+001                 -2.0000000000000000E+001                  0.0000000000000000E+000                  0.0000000000000000E+000                  0.0000000000000000E+000                  0.0000000000000000E+000                  0.0000000000000000E+000                  3.6542407355422730E+000                  1.2768434229873393E-001                  2.7801386092931779E-001                  3.8820399054444974E+000                  0.0000000000000000E+000                  1.4844330145582477E+001                  1.0885403142785133E-001                  6.6052026861137918E+000                  6.1296623945216411E-001                  8.5824770319108301E-001                  1.2743228965333047E+000                  7.1650000000000003E-001                  2.6947131977607075E-001                  2.3838810482634588E-003                  6.5489967737205716E-003                  2.3838810482634592E-003                  6.5489967737205751E-003                  7.1649999999999991E-001                  2.6947131977607064E-001                                        0                                        5 
                                      15                                      704                  7.2035107872931814E-004                 -3.8914625553332525E+000                  1.0000000000000000E+000                  3.3298505910360667E+001                 -9.8999999999999986E+001                  0.0000000000000000E+000                  9.9999999926399996E-001                  4.1953620021146568E-002                  0.0000000000000000E+000                  0.0000000000000000E+000                  9.9999999926399996E-001                  4.1953620021146568E-002                  0.0000000000000000E+000                  0.0000000000000000E+000                 -4.1821220614137742E+000                  6.5747302412628325E-005                 -4.1821220614137742E+000                 -9.8999999999999986E+001                 -9.8999999999999986E+001                 -4.1821220614137742E+000                  6.5747302412628325E-005                 -4.1821220614152033E+000                 -1.5664649716613775E+001                 -9.8999999999999986E+001                 -2.0000000000000000E+001                 -2.0000000000000000E+001                 -2.0000000000000000E+001                 -2.0000000000000000E+001                 -2.0000000000000000E+001                 -2.0000000000000000E+001                 -2.0000000000000000E+001                 -2.0000000000000000E+001                  0.0000000000000000E+000                  0.0000000000000000E+000                  0.0000000000000000E+000                  0.0000000000000000E+000                  0.0000000000000000E+000                  3.6542765319331862E+000                  1.2782804402291370E-001                  2.7801411900958217E-001                  3.8820393892839689E+000                  0.0000000000000000E+000                  1.4844330145732487E+001                  1.0885403154492763E-001                  6.6052026861467148E+000                  6.1296623945215167E-001                  8.5824770319108301E-001                  1.2743228965333047E+000                  7.1650000000000003E-001                  2.6947131977607075E-001                  2.3838810482634588E-003                  6.5489967737205716E-003                  2.3838810482634592E-003                  6.5489967737205751E-003                  7.1649999999999991E-001                  2.6947131977607064E-001                                        0                                        5 
                                      20                                      704                  1.8668799962237366E-003                 -3.4955563250951283E+000                  1.0000000000000000E+000                  3.3298505910360667E+001                 -9.8999999999999986E+001                  0.0000000000000000E+000                  9.9999999926399996E-001                  4.8607236066947980E-002                  0.0000000000000000E+000                  0.0000000000000000E+000                  9.9999999926399996E-001                  4.8607236066947980E-002                  0.0000000000000000E+000                  0.0000000000000000E+000                 -4.1791617736247959E+000                  6.6196987562226888E-005                 -4.1791617736247959E+000                 -9.8999999999999986E+001                 -1.9867979713822756E+001                 -4.1791617736247959E+000                  6.6196987562226888E-005                 -4.1791617736262161E+000                 -1.5664649510854840E+001                 -9.8999999999999986E+001                 -2.0000000000000000E+001                 -2.0000000000000000E+001                 -2.0000000000000000E+001                 -2.0000000000000000E+001                 -2.0000000000000000E+001                 -2.0000000000000000E+001                 -2.0000000000000000E+001                 -2.0000000000000000E+001                  0.0000000000000000E+000                  0.0000000000000000E+000                  0.0000000000000000E+000                  0.0000000000000000E+000                  0.0000000000000000E+000                  3.6542841794058667E+000                  1.2785880005685091E-001                  2.7801420208118915E-001                  3.8820392231407546E+000                  0.0000000000000000E+000                  1.4844330146109289E+001                  1.0885403183836920E-001                  6.6052026862300366E+000                  6.1296623945211903E-001                  8.5824770319108301E-001                  1.2743228965333047E+000                  7.1650000000000003E-001                  2.6947131977607075E-001                  2.3838810482634588E-003                  6.5489967737205716E-003                  2.3838810482634592E-003                  6.5489967737205751E-003                  7.1649999999999991E-001                  2.6947131977607064E-001                                        0                                        5 
                                      25                                      704                  4.7198108322034473E-003                 -3.0996500948570040E+000                  1.0000000000000000E+000                  3.3298505910360667E+001                 -9.8999999999999986E+001                  0.0000000000000000E+000                  9.9999999926399996E-001                  4.8607234582661162E-002                  0.0000000000000000E+000                  0.0000000000000000E+000                  9.9999999926399996E-001                  4.8607234582661162E-002                  0.0000000000000000E+000                  0.0000000000000000E+000                 -4.1731024367106713E+000                  6.7127050218647393E-005                 -4.1731024367106713E+000                 -9.8999999999999986E+001                 -9.8999999999999986E+001                 -4.1731024367106713E+000                  6.7127050218647393E-005                 -4.1731024367120719E+000                 -1.5664649503801622E+001                 -9.8999999999999986E+001                 -2.0000000000000000E+001                 -2.0000000000000000E+001                 -2.0000000000000000E+001                 -2.0000000000000000E+001                 -2.0000000000000000E+001                 -2.0000000000000000E+001                 -2.0000000000000000E+001                 -2.0000000000000000E+001                  0.0000000000000000E+000                  0.0000000000000000E+000                  0.0000000000000000E+000                  0.0000000000000000E+000                  0.0000000000000000E+000                  3.6542857247488216E+000                  1.2786503659945367E-001                  2.7801422966658024E-001                  3.8820391679699724E+000                  0.0000000000000000E+000                  1.4844330147048060E+001                  1.0885403256920857E-001                  6.6052026864378606E+000                  6.1296623945203843E-001                  8.5824770319108346E-001                  1.2743228965333040E+000                  7.1650000000000003E-001                  2.6947131977607108E-001                  2.3838810482634597E-003                  6.5489967737205742E-003                  2.3838810482634592E-003                  6.5489967737205751E-003                  7.1649999999999991E-001                  2.6947131977607069E-001                                        0                                        5 
                                      30                                      704                  1.1818815689988481E-002                 -2.7037438646188803E+000                  1.0000000000000000E+000                  3.3298505910360667E+001                 -9.8999999999999986E+001                  0.0000000000000000E+000                  9.9999999926399996E-001                  4.3447907517078832E-002                  0.0000000000000000E+000                  0.0000000000000000E+000                  9.9999999926399996E-001                  4.3447907517078832E-002                  0.0000000000000000E+000                  0.0000000000000000E+000                 -4.1633298073556384E+000                  6.8654687178028805E-005                 -4.1633298073556384E+000                 -9.8999999999999986E+001                 -9.8999999999999986E+001                 -4.1633298073556384E+000                  6.8654687178028805E-005                 -4.1633298073570071E+000                 -1.5664649486275312E+001                 -9.8999999999999986E+001                 -2.0000000000000000E+001                 -2.0000000000000000E+001                 -2.0000000000000000E+001                 -2.0000000000000000E+001                 -2.0000000000000000E+001                 -2.0000000000000000E+001                 -2.0000000000000000E+001                 -2.0000000000000000E+001                  0.0000000000000000E+000                  0.0000000000000000E+000                  0.0000000000000000E+000                  0.0000000000000000E+000                  0.0000000000000000E+000                  3.6542860173538849E+000                  1.2786622599321479E-001                  2.7801423915333445E-001                  3.8820391489964643E+000                  0.0000000000000000E+000                  1.4844330149383282E+001                  1.0885403438730784E-001                  6.6052026869547191E+000                  6.1296623945183804E-001                  8.5824770319108334E-001                  1.2743228965333040E+000                  7.1650000000000003E-001                  2.6947131977607147E-001                  2.3838810482634588E-003                  6.5489967737205708E-003                  2.3838810482634592E-003                  6.5489967737205751E-003                  7.1649999999999991E-001                  2.6947131977607069E-001                                        0                                        5 
                                      35                                      704                  2.9483411457712130E-002                 -2.3078376343807561E+000                  1.0000000000000000E+000                  3.3298505910360667E+001                 -9.8999999999999986E+001                  0.0000000000000000E+000                  9.9999999926399996E-001                  4.1073614832857021E-002                  0.0000000000000000E+000                  0.0000000000000000E+000                  9.9999999926399996E-001                  4.1073614832857021E-002                  0.0000000000000000E+000                  0.0000000000000000E+000                 -4.1528971379704398E+000                  7.0323886128332018E-005                 -4.1528971379704398E+000                 -9.8999999999999986E+001                 -1.9867979713822756E+001                 -4.1528971379704398E+000                  7.0323886128332018E-005                 -4.1528971379717765E+000                 -1.5664649442755351E+001                 -9.8999999999999986E+001                 -2.0000000000000000E+001                 -2.0000000000000000E+001                 -2.0000000000000000E+001                 -2.0000000000000000E+001                 -2.0000000000000000E+001                 -2.0000000000000000E+001                 -2.0000000000000000E+001                 -2.0000000000000000E+001                  0.0000000000000000E+000                  0.0000000000000000E+000                  0.0000000000000000E+000                  0.0000000000000000E+000                  0.0000000000000000E+000                  3.6542860777141741E+000                  1.2786647327524692E-001                  2.7801424207377168E-001                  3.8820391431555898E+000                  0.0000000000000000E+000                  1.4844330155191011E+001                  1.0885403890945590E-001                  6.6052026882396628E+000                  6.1296623945133921E-001                  8.5824770319108301E-001                  1.2743228965333040E+000                  7.1649999999999969E-001                  2.6947131977607258E-001                  2.3838810482634588E-003                  6.5489967737205682E-003                  2.3838810482634592E-003                  6.5489967737205751E-003                  7.1649999999999991E-001                  2.6947131977607075E-001                                        0                                        5 
                                      40                                      704                  7.3438578398454232E-002                 -1.9119314041426323E+000                  1.0000000000000000E+000                  3.3298505910360667E+001                 -9.8999999999999986E+001                  0.0000000000000000E+000                  9.9999999926399996E-001                  4.0854977023559884E-002                  0.0000000000000000E+000                  0.0000000000000000E+000                  9.9999999926399996E-001                  4.0854977023559884E-002                  0.0000000000000000E+000                  0.0000000000000000E+000                 -4.1460346660414498E+000                  7.1443929617581603E-005                 -4.1460346660414498E+000                 -9.8999999999999986E+001                 -1.9566949718158774E+001                 -4.1460346660414498E+000                  7.1443929617581603E-005                 -4.1460346660427652E+000                 -1.5664649334696572E+001                 -9.8999999999999986E+001                 -2.0000000000000000E+001                 -2.0000000000000000E+001                 -2.0000000000000000E+001                 -2.0000000000000000E+001                 -2.0000000000000000E+001                 -2.0000000000000000E+001                 -2.0000000000000000E+001                 -2.0000000000000000E+001                  0.0000000000000000E+000                  0.0000000000000000E+000                  0.0000000000000000E+000                  0.0000000000000000E+000                  0.0000000000000000E+000                  3.6542860947996987E+000                  1.2786653891131430E-001                  2.7801424072075698E-001                  3.8820391458616190E+000                  0.0000000000000000E+000                  1.4844330169630348E+001                  1.0885405015466793E-001                  6.6052026914322264E+000                  6.1296623945010087E-001                  8.5824770319108334E-001                  1.2743228965333040E+000                  7.1649999999999925E-001                  2.6947131977607558E-001                  2.3838810482634588E-003                  6.5489967737205708E-003                  2.3838810482634592E-003                  6.5489967737205751E-003                  7.1649999999999991E-001                  2.6947131977607075E-001                                        0                                        5 
                                      45                                      704                  1.8281309940044158E-001                 -1.5160251739045081E+000                  1.0000000000000000E+000                  3.3298505910360667E+001                 -9.8999999999999986E+001                  0.0000000000000000E+000                  9.9999999926399996E-001                  4.0840976130706107E-002                  0.0000000000000000E+000                  0.0000000000000000E+000                  9.9999999926399996E-001                  4.0840976130706107E-002                  0.0000000000000000E+000                  0.0000000000000000E+000                 -4.1426426519118706E+000                  7.2004120177816345E-005                 -4.1426426519118706E+000                 -9.8999999999999986E+001                 -9.8999999999999986E+001                 -4.1426426519118706E+000                  7.2004120177816345E-005                 -4.1426426519131763E+000                 -1.5664649066574782E+001                 -9.8999999999999986E+001                 -2.0000000000000000E+001                 -2.0000000000000000E+001                 -2.0000000000000000E+001                 -2.0000000000000000E+001                 -2.0000000000000000E+001                 -2.0000000000000000E+001                 -2.0000000000000000E+001                 -2.0000000000000000E+001                  0.0000000000000000E+000                  0.0000000000000000E+000                  0.0000000000000000E+000                  0.0000000000000000E+000                  0.0000000000000000E+000                  3.6542860963107575E+000                  1.2786652934692413E-001                  2.7801423291644400E-001                  3.8820391614702450E+000                  0.0000000000000000E+000                  1.4844330205499405E+001                  1.0885407809991018E-001                  6.6052026993523070E+000                  6.1296623944702933E-001                  8.5824770319108301E-001                  1.2743228965333049E+000                  7.1649999999999792E-001                  2.6947131977608291E-001                  2.3838810482634588E-003                  6.5489967737205708E-003                  2.3838810482634592E-003                  6.5489967737205751E-003                  7.1649999999999991E-001                  2.6947131977607097E-001                                        0                                        5 
                                      50                                      704                  4.5497190750010669E-001                 -1.1201189436663841E+000                  1.0000000000000000E+000                  3.3298505910360667E+001                 -9.8999999999999986E+001                  0.0000000000000000E+000                  9.9999999926399996E-001                  4.1014050671212450E-002                  0.0000000000000000E+000                  0.0000000000000000E+000                  9.9999999926399996E-001                  4.1014050671212450E-002                  0.0000000000000000E+000                  0.0000000000000000E+000                 -4.1409512742117700E+000                  7.2285089950725501E-005                 -4.1409512742117700E+000                 -9.8999999999999986E+001                 -9.8999999999999986E+001                 -4.1409512742117700E+000                  7.2285089950725501E-005                 -4.1409512742130703E+000                 -1.5664648402324934E+001                 -9.8999999999999986E+001                 -2.0000000000000000E+001                 -2.0000000000000000E+001                 -2.0000000000000000E+001                 -2.0000000000000000E+001                 -2.0000000000000000E+001                 -2.0000000000000000E+001                 -2.0000000000000000E+001                 -2.0000000000000000E+001                  0.0000000000000000E+000                  0.0000000000000000E+000                  0.0000000000000000E+000                  0.0000000000000000E+000                  0.0000000000000000E+000                  3.6542860942127517E+000                  1.2786647760832864E-001                  2.7801421124315795E-001                  3.8820392048168171E+000                  0.0000000000000000E+000                  1.4844330294460518E+001                  1.0885414746091469E-001                  6.6052027189439420E+000                  6.1296623943943762E-001                  8.5824770319108301E-001                  1.2743228965333058E+000                  7.1649999999999481E-001                  2.6947131977610134E-001                  2.3838810482634597E-003                  6.5489967737205708E-003                  2.3838810482634592E-003                  6.5489967737205751E-003                  7.1649999999999991E-001                  2.6947131977607142E-001                                        0                                        5 
                                      55                                      704                  1.1321901128706655E+000                 -7.2421271342826010E-001                  1.0000000000000000E+000                  3.3298505910360667E+001                 -9.8999999999999986E+001                  0.0000000000000000E+000                  9.9999999926399996E-001                  4.1243564841138711E-002                  0.0000000000000000E+000                  0.0000000000000000E+000                  9.9999999926399996E-001                  4.1243564841138711E-002                  0.0000000000000000E+000                  0.0000000000000000E+000                 -4.1399153476534929E+000                  7.2457718033817274E-005                 -4.1399153476534929E+000                 -9.8999999999999986E+001                 -9.8999999999999986E+001                 -4.1399153476534929E+000                  7.2457718033817274E-005                 -4.1399153476547905E+000                 -1.5664646753966268E+001                 -9.8999999999999986E+001                 -2.0000000000000000E+001                 -2.0000000000000000E+001                 -2.0000000000000000E+001                 -2.0000000000000000E+001                 -2.0000000000000000E+001                 -2.0000000000000000E+001                 -2.0000000000000000E+001                 -2.0000000000000000E+001                  0.0000000000000000E+000                  0.0000000000000000E+000                  0.0000000000000000E+000                  0.0000000000000000E+000                  0.0000000000000000E+000                  3.6542860936211534E+000                  1.2786636534880327E-001                  2.7801415629659204E-001                  3.8820393147099490E+000                  0.0000000000000000E+000                  1.4844330515274365E+001                  1.0885431972305677E-001                  6.6052027674761078E+000                  6.1296623942064277E-001                  8.5824770319108201E-001                  1.2743228965333080E+000                  7.1649999999998704E-001                  2.6947131977614680E-001                  2.3838810482634597E-003                  6.5489967737205708E-003                  2.3838810482634592E-003                  6.5489967737205751E-003                  7.1649999999999958E-001                  2.6947131977607258E-001                                        0                                        5 
                                      60                                      704                  2.8173257176583335E+000                 -3.2830648319013606E-001                  1.0000000000000000E+000                  3.3298505910360667E+001                 -9.8999999999999986E+001                  0.0000000000000000E+000                  9.9999999926399996E-001                  4.1273630363285865E-002                  0.0000000000000000E+000                  0.0000000000000000E+000                  9.9999999926399996E-001                  4.1273630363285865E-002                  0.0000000000000000E+000                  0.0000000000000000E+000                 -4.1391999171618048E+000                  7.2577178870257263E-005                 -4.1391999171618048E+000                 -9.8999999999999986E+001                 -9.8999999999999986E+001                 -4.1391999171618048E+000                  7.2577178870257263E-005                 -4.1391999171630998E+000                 -1.5664642654098067E+001                 -9.8999999999999986E+001                 -2.0000000000000000E+001                 -2.0000000000000000E+001                 -2.0000000000000000E+001                 -2.0000000000000000E+001                 -2.0000000000000000E+001                 -2.0000000000000000E+001                 -2.0000000000000000E+001                 -2.0000000000000000E+001                  0.0000000000000000E+000                  0.0000000000000000E+000                  0.0000000000000000E+000                  0.0000000000000000E+000                  0.0000000000000000E+000                  3.6542860819304646E+000                  1.2786604408321892E-001                  2.7801401904517670E-001                  3.8820395892127797E+000                  0.0000000000000000E+000                  1.4844331064491644E+001                  1.0885474822325196E-001                  6.6052028881452198E+000                  6.1296623937391637E-001                  8.5824770319108012E-001                  1.2743228965333138E+000                  7.1649999999996761E-001                  2.6947131977626010E-001                  2.3838810482634597E-003                  6.5489967737205708E-003                  2.3838810482634592E-003                  6.5489967737205699E-003                  7.1649999999999847E-001                  2.6947131977607613E-001                                        0                                        5 
                                      65                                      704                  7.0104823457635828E+000                  6.7599747047987935E-002                  1.0000000000000000E+000                  3.3298505910360667E+001                 -9.8999999999999986E+001                  0.0000000000000000E+000                  9.9999999926399996E-001                  4.1274438059409606E-002                  0.0000000000000000E+000                  0.0000000000000000E+000                  9.9999999926399996E-001                  4.1274438059409606E-002                  0.0000000000000000E+000                  0.0000000000000000E+000                 -4.1389300443412544E+000                  7.2622292717325961E-005                 -4.1389300443412544E+000                 -9.8999999999999986E+001                 -9.8999999999999986E+001                 -4.1389300443412544E+000                  7.2622292717325961E-005                 -4.1389300443425494E+000                 -1.5664632452420854E+001                 -9.8999999999999986E+001                 -2.0000000000000000E+001                 -2.0000000000000000E+001                 -2.0000000000000000E+001                 -2.0000000000000000E+001                 -2.0000000000000000E+001                 -2.0000000000000000E+001                 -2.0000000000000000E+001                 -2.0000000000000000E+001                  0.0000000000000000E+000                  0.0000000000000000E+000                  0.0000000000000000E+000                  0.0000000000000000E+000                  0.0000000000000000E+000                  3.6542860537287085E+000                  1.2786524820247261E-001                  2.7801367750831502E-001                  3.8820402722865031E+000                  0.0000000000000000E+000                  1.4844332431104659E+001                  1.0885581445941336E-001                  6.6052031884027365E+000                  6.1296623925764837E-001                  8.5824770319107602E-001                  1.2743228965333278E+000                  7.1649999999991942E-001                  2.6947131977654193E-001                  2.3838810482634597E-003                  6.5489967737205708E-003                  2.3838810482634592E-003                  6.5489967737205699E-003                  7.1649999999999658E-001                  2.6947131977608357E-001                                        0                                        5 
                                      70                                      704                  1.7444397846610435E+001                  4.6350597728611193E-001                  1.0000000000000000E+000                  3.3298505910360667E+001                 -9.8999999999999986E+001                  0.0000000000000000E+000                  9.9999999926399996E-001                  4.1275815552052238E-002                  0.0000000000000000E+000                  0.0000000000000000E+000                  9.9999999926399996E-001                  4.1275815552052238E-002                  0.0000000000000000E+000                  0.0000000000000000E+000                 -4.1389020144704762E+000                  7.2626979995789182E-005                 -4.1389020144704762E+000                 -9.8999999999999986E+001                 -1.9867979713822756E+001                 -4.1389020144704762E+000                  7.2626979995789182E-005                 -4.1389020144717703E+000                 -1.5664607067502910E+001                 -9.8999999999999986E+001                 -2.0000000000000000E+001                 -2.0000000000000000E+001                 -2.0000000000000000E+001                 -2.0000000000000000E+001                 -2.0000000000000000E+001                 -2.0000000000000000E+001                 -2.0000000000000000E+001                 -2.0000000000000000E+001                  0.0000000000000000E+000                  0.0000000000000000E+000                  0.0000000000000000E+000                  0.0000000000000000E+000                  0.0000000000000000E+000                  3.6542859871328974E+000                  1.2786328223124785E-001                  2.7801282771432562E-001                  3.8820419718744819E+000                  0.0000000000000000E+000                  1.4844335831663278E+001                  1.0885846758758436E-001                  6.6052039355362284E+000                  6.1296623896833813E-001                  8.5824770319106525E-001                  1.2743228965333626E+000                  7.1649999999979952E-001                  2.6947131977724315E-001                  2.3838810482634597E-003                  6.5489967737205682E-003                  2.3838810482634592E-003                  6.5489967737205699E-003                  7.1649999999999170E-001                  2.6947131977610322E-001                                        0                                        5 
                                      75                                      704                  4.3407318465677669E+001                  8.5941220752423608E-001                  1.0000000000000000E+000                  3.3298505910360667E+001                 -9.8999999999999986E+001                  0.0000000000000000E+000                  9.9999999926399996E-001                  4.1279263126510979E-002                  0.0000000000000000E+000                  0.0000000000000000E+000                  9.9999999926399996E-001                  4.1279263126510979E-002                  0.0000000000000000E+000                  0.0000000000000000E+000                 -4.1388862268687214E+000                  7.2629620201285021E-005                 -4.1388862268687214E+000                 -9.8999999999999986E+001                 -1.9867979713822756E+001                 -4.1388862268687214E+000                  7.2629620201285021E-005                 -4.1388862268700164E+000                 -1.5664543902653630E+001                 -9.8999999999999986E+001                 -2.0000000000000000E+001                 -2.0000000000000000E+001                 -2.0000000000000000E+001                 -2.0000000000000000E+001                 -2.0000000000000000E+001                 -2.0000000000000000E+001                 -2.0000000000000000E+001                 -2.0000000000000000E+001                  0.0000000000000000E+000                  0.0000000000000000E+000                  0.0000000000000000E+000                  0.0000000000000000E+000                  0.0000000000000000E+000                  3.6542858224654662E+000                  1.2785839462497381E-001                  2.7801071324605064E-001                  3.8820462008110317E+000                  0.0000000000000000E+000                  1.4844344293248843E+001                  1.0886506935491939E-001                  6.6052057946156513E+000                  6.1296623824845475E-001                  8.5824770319103827E-001                  1.2743228965334497E+000                  7.1649999999950098E-001                  2.6947131977898792E-001                  2.3838810482634597E-003                  6.5489967737205682E-003                  2.3838810482634592E-003                  6.5489967737205699E-003                  7.1649999999997904E-001                  2.6947131977615152E-001                                        0                                        5 
                                      80                                      704                  1.0801137310051504E+002                  1.2553184377623601E+000                  1.0000000000000000E+000                  3.3298505910360667E+001                 -9.8999999999999986E+001                  0.0000000000000000E+000                  9.9999999926399996E-001                  4.1287837221153846E-002                  0.0000000000000000E+000                  0.0000000000000000E+000                  9.9999999926399996E-001                  4.1287837221153846E-002                  0.0000000000000000E+000                  0.0000000000000000E+000                 -4.1388473540411059E+000                  7.2636121423801231E-005                 -4.1388473540411068E+000                 -9.8999999999999986E+001                 -1.9566949718158774E+001                 -4.1388473540411059E+000                  7.2636121423801231E-005                 -4.1388473540424018E+000                 -1.5664386734405843E+001                 -9.8999999999999986E+001                 -2.0000000000000000E+001                 -2.0000000000000000E+001                 -2.0000000000000000E+001                 -2.0000000000000000E+001                 -2.0000000000000000E+001                 -2.0000000000000000E+001                 -2.0000000000000000E+001                 -2.0000000000000000E+001                  0.0000000000000000E+000                  0.0000000000000000E+000                  0.0000000000000000E+000                  0.0000000000000000E+000                  0.0000000000000000E+000                  3.6542854057473084E+000                  1.2784620469382610E-001                  2.7800545171679292E-001                  3.8820567238695474E+000                  0.0000000000000000E+000                  1.4844365347788619E+001                  1.0888149625264540E-001                  6.6052104204199340E+000                  6.1296623645723691E-001                  8.5824770319097177E-001                  1.2743228965336661E+000                  7.1649999999875835E-001                  2.6947131978332872E-001                  2.3838810482634588E-003                  6.5489967737205664E-003                  2.3838810482634592E-003                  6.5489967737205699E-003                  7.1649999999994773E-001                  2.6947131977627142E-001                                        0                                        5 
                                      85                                      704                  2.6876693432947360E+002                  1.6512246680004841E+000                  1.0000000000000000E+000                  3.3298505910360667E+001                 -9.8999999999999986E+001                  0.0000000000000000E+000                  9.9999999926399996E-001                  4.1309049172167579E-002                  0.0000000000000000E+000                  0.0000000000000000E+000                  9.9999999926399996E-001                  4.1309049172167579E-002                  0.0000000000000000E+000                  0.0000000000000000E+000                 -4.1387506735369941E+000                  7.2652293120296449E-005                 -4.1387506735369941E+000                 -9.8999999999999986E+001                 -1.9867979713822756E+001                 -4.1387506735369941E+000                  7.2652293120296449E-005                 -4.1387506735382900E+000                 -1.5663995687547589E+001                 -9.8999999999999986E+001                 -2.0000000000000000E+001                 -2.0000000000000000E+001                 -2.0000000000000000E+001                 -2.0000000000000000E+001                 -2.0000000000000000E+001                 -2.0000000000000000E+001                 -2.0000000000000000E+001                 -2.0000000000000000E+001                  0.0000000000000000E+000                  0.0000000000000000E+000                  0.0000000000000000E+000                  0.0000000000000000E+000                  0.0000000000000000E+000                  3.6542843767245716E+000                  1.2781590626279415E-001                  2.7799236054675081E-001                  3.8820829062096314E+000                  0.0000000000000000E+000                  1.4844417734533909E+001                  1.0892236906931979E-001                  6.6052219297794839E+000                  6.1296623200062650E-001                  8.5824770319080568E-001                  1.2743228965342048E+000                  7.1649999999691116E-001                  2.6947131979412553E-001                  2.3838810482634588E-003                  6.5489967737205664E-003                  2.3838810482634592E-003                  6.5489967737205699E-003                  7.1649999999987124E-001                  2.6947131977656957E-001                                        0                                        5 
                                      90                                      704                  6.6877821244671566E+002                  2.0471308982386081E+000                  1.0000000000000000E+000                  3.3298505910360667E+001                 -9.8999999999999986E+001                  0.0000000000000000E+000                  9.9999999926399996E-001                  4.1361099209334951E-002                  0.0000000000000000E+000                  0.0000000000000000E+000                  9.9999999926399996E-001                  4.1361099209334951E-002                  0.0000000000000000E+000                  0.0000000000000000E+000                 -4.1385103950286375E+000                  7.2692499973763929E-005                 -4.1385103950286375E+000                 -9.8999999999999986E+001                 -9.8999999999999986E+001                 -4.1385103950286375E+000                  7.2692499973763929E-005                 -4.1385103950299351E+000                 -1.5663022873581815E+001                 -9.8999999999999986E+001                 -2.0000000000000000E+001                 -2.0000000000000000E+001                 -2.0000000000000000E+001                 -2.0000000000000000E+001                 -2.0000000000000000E+001                 -2.0000000000000000E+001                 -2.0000000000000000E+001                 -2.0000000000000000E+001                  0.0000000000000000E+000                  0.0000000000000000E+000                  0.0000000000000000E+000                  0.0000000000000000E+000                  0.0000000000000000E+000                  3.6542818211975350E+000                  1.2774054665629445E-001                  2.7795979179757502E-001                  3.8821480437079829E+000                  0.0000000000000000E+000                  1.4844548066694141E+001                  1.0902405785884182E-001                  6.6052505618050468E+000                  6.1296622091433006E-001                  8.5824770319039256E-001                  1.2743228965355464E+000                  7.1649999999231695E-001                  2.6947131982096395E-001                  2.3838810482634588E-003                  6.5489967737205664E-003                  2.3838810482634592E-003                  6.5489967737205699E-003                  7.1649999999967939E-001                  2.6947131977731226E-001                                        0                                        5 
                                      95                                      704                  1.6641342760114112E+003                  2.4430371284767323E+000                  1.0000000000000000E+000                  3.3298505910360667E+001                 -9.8999999999999986E+001                  0.0000000000000000E+000                  9.9999999926399996E-001                  4.1486808684402375E-002                  0.0000000000000000E+000                  0.0000000000000000E+000                  9.9999999926399996E-001                  4.1486808684402375E-002                  0.0000000000000000E+000                  0.0000000000000000E+000                 -4.1379143198005259E+000                  7.2792339943116805E-005                 -4.1379143198005259E+000                 -9.8999999999999986E+001                 -1.9566949718158774E+001                 -4.1379143198005259E+000                  7.2792339943116805E-005                 -4.1379143198018289E+000                 -1.5660603661827507E+001                 -9.8999999999999986E+001                 -2.0000000000000000E+001                 -2.0000000000000000E+001                 -2.0000000000000000E+001                 -2.0000000000000000E+001                 -2.0000000000000000E+001                 -2.0000000000000000E+001                 -2.0000000000000000E+001                 -2.0000000000000000E+001                  0.0000000000000000E+000                  0.0000000000000000E+000                  0.0000000000000000E+000                  0.0000000000000000E+000                  0.0000000000000000E+000                  3.6542754601286602E+000                  1.2755309533908621E-001                  2.7787878827672041E-001                  3.8823100507496924E+000                  0.0000000000000000E+000                  1.4844872233730012E+001                  1.0927699407687107E-001                  6.6053217645413760E+000                  6.1296619334769942E-001                  8.5824770318936394E-001                  1.2743228965388891E+000                  7.1649999998090341E-001                  2.6947131988757511E-001                  2.3838810482634588E-003                  6.5489967737205664E-003                  2.3838810482634592E-003                  6.5489967737205699E-003                  7.1649999999920189E-001                  2.6947131977916222E-001                                        0                                        5 
                                     100                                      704                  4.1408986761007136E+003                  2.8389433587148560E+000                  1.0000000000000000E+000                  3.3298505910360667E+001                 -9.8999999999999986E+001                  0.0000000000000000E+000                  9.9999999926399996E-001                  4.1784299715772522E-002                  0.0000000000000000E+000                  0.0000000000000000E+000                  9.9999999926399996E-001                  4.1784299715772522E-002                  0.0000000000000000E+000                  0.0000000000000000E+000                 -4.1364422744866332E+000                  7.3039488898125356E-005                 -4.1364422744866332E+000                 -9.8999999999999986E+001                 -9.8999999999999986E+001                 -4.1364422744866332E+000                  7.3039488898125356E-005                 -4.1364422744879503E+000                 -1.5654592934581022E+001                 -9.8999999999999986E+001                 -2.0000000000000000E+001                 -2.0000000000000000E+001                 -2.0000000000000000E+001                 -2.0000000000000000E+001                 -2.0000000000000000E+001                 -2.0000000000000000E+001                 -2.0000000000000000E+001                 -2.0000000000000000E+001                  0.0000000000000000E+000                  0.0000000000000000E+000                  0.0000000000000000E+000                  0.0000000000000000E+000                  0.0000000000000000E+000                  3.6542596355950026E+000                  1.2708714261682885E-001                  2.7767746098290652E-001                  3.8827127053373198E+000                  0.0000000000000000E+000                  1.4845677994758599E+001                  1.0990577545180233E-001                  6.6054986752342879E+000                  6.1296612487399937E-001                  8.5824770318679489E-001                  1.2743228965472320E+000                  7.1649999995261160E-001                  2.6947132005225855E-001                  2.3838810482634597E-003                  6.5489967737205664E-003                  2.3838810482634592E-003                  6.5489967737205699E-003                  7.1649999999800873E-001                  2.6947131978377742E-001                                        0                                        5 
                                     105                                      704                  1.0303881068130926E+004                  3.2348495889529802E+000                  1.0000000000000000E+000                  3.3298505910360667E+001                 -9.8999999999999986E+001                  0.0000000000000000E+000                  9.9999999926399996E-001                  4.2495140355493226E-002                  0.0000000000000000E+000                  0.0000000000000000E+000                  9.9999999926399996E-001                  4.2495140355493226E-002                  0.0000000000000000E+000                  0.0000000000000000E+000                 -4.1328475479034008E+000                  7.3646557652660017E-005                 -4.1328475479034008E+000                 -9.8999999999999986E+001                 -9.8999999999999986E+001                 -4.1328475479034008E+000                  7.3646557652660017E-005                 -4.1328475479047526E+000                 -1.5639692134798427E+001                 -9.8999999999999986E+001                 -2.0000000000000000E+001                 -2.0000000000000000E+001                 -2.0000000000000000E+001                 -2.0000000000000000E+001                 -2.0000000000000000E+001                 -2.0000000000000000E+001                 -2.0000000000000000E+001                 -2.0000000000000000E+001                  0.0000000000000000E+000                  0.0000000000000000E+000                  0.0000000000000000E+000                  0.0000000000000000E+000                  0.0000000000000000E+000                  3.6542203038756123E+000                  1.2593079075903518E-001                  2.7717794849279009E-001                  3.8837117303175530E+000                  0.0000000000000000E+000                  1.4847677631339421E+001                  1.1146666227427644E-001                  6.6059372590079626E+000                  6.1296595523191566E-001                  8.5824770318035326E-001                  1.2743228965681528E+000                  7.1649999988289936E-001                  2.6947132045535827E-001                  2.3838810482634588E-003                  6.5489967737205638E-003                  2.3838810482634592E-003                  6.5489967737205699E-003                  7.1649999999502012E-001                  2.6947131979533068E-001                                        0                                        5 
                                     110                                      704                  2.5639353413867542E+004                  3.6307558191911045E+000                  1.0000000000000000E+000                  3.3298505910360667E+001                 -9.8999999999999986E+001                  0.0000000000000000E+000                  9.9999999926399996E-001                  4.3724219742919214E-002                  0.0000000000000000E+000                  0.0000000000000000E+000                  9.9999999926399996E-001                  4.3724219742919214E-002                  0.0000000000000000E+000                  0.0000000000000000E+000                 -4.1245053628199697E+000                  7.5074878355446773E-005                 -4.1245053628199697E+000                 -9.8999999999999986E+001                 -9.8999999999999986E+001                 -4.1245053628199697E+000                  7.5074878355446773E-005                 -4.1245053628214130E+000                 -1.5602959319628432E+001                 -9.8999999999999986E+001                 -2.0000000000000000E+001                 -2.0000000000000000E+001                 -2.0000000000000000E+001                 -2.0000000000000000E+001                 -2.0000000000000000E+001                 -2.0000000000000000E+001                 -2.0000000000000000E+001                 -2.0000000000000000E+001                  0.0000000000000000E+000                  0.0000000000000000E+000                  0.0000000000000000E+000                  0.0000000000000000E+000                  0.0000000000000000E+000                  3.6541227460578800E+000                  1.2307260378342492E-001                  2.7594397064044995E-001                  3.8861796860222331E+000                  0.0000000000000000E+000                  1.4852620876228155E+001                  1.1532803883697977E-001                  6.6070187478789943E+000                  6.1296553758716465E-001                  8.5824770316401544E-001                  1.2743228966212155E+000                  7.1649999971381573E-001                  2.6947132141591612E-001                  2.3838810482634588E-003                  6.5489967737205638E-003                  2.3838810482634592E-003                  6.5489967737205699E-003                  7.1649999998744873E-001                  2.6947131982449346E-001                                        0                                        5 
                                     115                                      704                  6.3798915961210878E+004                  4.0266620494292287E+000                  1.0000000000000000E+000                  3.3298505910360667E+001                 -9.8999999999999986E+001                  0.0000000000000000E+000                  9.9999999926399996E-001                  4.7234835848378905E-002                  0.0000000000000000E+000                  0.0000000000000000E+000                  9.9999999926399996E-001                  4.7234835848378905E-002                  0.0000000000000000E+000                  0.0000000000000000E+000                 -4.1066047260489320E+000                  7.8233952846482510E-005                 -4.1066047260489320E+000                 -9.8999999999999986E+001                 -9.8999999999999986E+001                 -4.1066047260489320E+000                  7.8233952846482510E-005                 -4.1066047260506329E+000                 -1.5513634263415684E+001                 -9.8999999999999986E+001                 -2.0000000000000000E+001                 -2.0000000000000000E+001                 -2.0000000000000000E+001                 -2.0000000000000000E+001                 -2.0000000000000000E+001                 -2.0000000000000000E+001                 -2.0000000000000000E+001                 -2.0000000000000000E+001                  0.0000000000000000E+000                  0.0000000000000000E+000                  0.0000000000000000E+000                  0.0000000000000000E+000                  0.0000000000000000E+000                  3.6538823392788964E+000                  1.1607814959293947E-001                  2.7292755710317373E-001                  3.8922125130967857E+000                  0.0000000000000000E+000                  1.4864725401625972E+001                  1.2480009628335680E-001                  6.6096504732372390E+000                  6.1296452508990418E-001                  8.5824770312140974E-001                  1.2743228967595894E+000                  7.1649999932153119E-001                  2.6947132353165826E-001                  2.3838810482634588E-003                  6.5489967737205629E-003                  2.3838810482634592E-003                  6.5489967737205699E-003                  7.1649999996781399E-001                  2.6947131989929746E-001                                        0                                        5 
                                     120                                      704                  1.5875211863901626E+005                  4.4225682796673524E+000                  1.0000000000000000E+000                  3.3298505910360667E+001                 -9.8999999999999986E+001                  0.0000000000000000E+000                  9.9999999932649997E-001                  5.6384221303276076E-002                  0.0000000000000000E+000                  0.0000000000000000E+000                  9.9999999932649997E-001                  5.6384221303276076E-002                  0.0000000000000000E+000                  0.0000000000000000E+000                 -4.0769156830102968E+000                  8.3769190174646379E-005                 -4.0769156830102968E+000                 -9.8999999999999986E+001                 -9.8999999999999986E+001                 -4.0769156830102968E+000                  8.3769190174646379E-005                 -4.0769156830128752E+000                 -1.5303280909731512E+001                 -9.8999999999999986E+001                 -2.0000000000000000E+001                 -2.0000000000000000E+001                 -2.0000000000000000E+001                 -2.0000000000000000E+001                 -2.0000000000000000E+001                 -2.0000000000000000E+001                 -2.0000000000000000E+001                 -2.0000000000000000E+001                  0.0000000000000000E+000                  0.0000000000000000E+000                  0.0000000000000000E+000                  0.0000000000000000E+000                  0.0000000000000000E+000                  3.6532974612918165E+000                  9.9357168801157650E-002                  2.6573682268144327E-001                  3.9065939819402464E+000                  0.0000000000000000E+000                  1.4893707238457521E+001                  1.4757626561645532E-001                  6.6158554332238912E+000                  6.1296215675160570E-001                  8.5824770300276709E-001                  1.2743228971449172E+000                  7.1649999851770907E-001                  2.6947132711480876E-001                  2.3838810482634579E-003                  6.5489967737205603E-003                  2.3838810482634592E-003                  6.5489967737205699E-003                  7.1649999991436941E-001                  2.6947132009511865E-001                                        0                                        5 
                                     125                                      704                  3.9502607192625280E+005                  4.8184745099054762E+000                  1.0000000000000000E+000                  3.3298505910360667E+001                 -9.8999999999999986E+001                  0.0000000000000000E+000                  9.9999999942024997E-001                  8.1017532574524959E-002                  0.0000000000000000E+000                  0.0000000000000000E+000                  9.9999999942024997E-001                  8.1017532574524959E-002                  0.0000000000000000E+000                  0.0000000000000000E+000                 -4.0391937118958898E+000                  9.1370560303297222E-005                 -4.0391937118958898E+000                 -9.8999999999999986E+001                 -9.8999999999999986E+001                 -4.0391937118958898E+000                  9.1370560303297222E-005                 -4.0391937119027315E+000                 -1.4841806080768693E+001                 -9.8999999999999986E+001                 -2.0000000000000000E+001                 -2.0000000000000000E+001                 -2.0000000000000000E+001                 -2.0000000000000000E+001                 -2.0000000000000000E+001                 -2.0000000000000000E+001                 -2.0000000000000000E+001                 -2.0000000000000000E+001                  0.0000000000000000E+000                  0.0000000000000000E+000                  0.0000000000000000E+000                  0.0000000000000000E+000                  0.0000000000000000E+000                  3.6519274712894854E+000                  6.1480979805998433E-002                  2.4953870818852650E-001                  3.9389902109260801E+000                  0.0000000000000000E+000                  1.4959764805959761E+001                  1.9999687993508103E-001                  6.6294960979591666E+000                  6.1295701247956680E-001                  8.5824770262093264E-001                  1.2743228983850379E+000                  7.1649999706546508E-001                  2.6947132956873709E-001                  2.3838810482634553E-003                  6.5489967737205603E-003                  2.3838810482634592E-003                  6.5489967737205699E-003                  7.1649999975484069E-001                  2.6947132060465395E-001                                        0                                        5 
                                     130                                      706                  9.8295127536994929E+005                  5.2143807401436009E+000                  1.0000000000000000E+000                  3.3298505910360667E+001                 -9.8999999999999986E+001                  0.0000000000000000E+000                  9.9999999954524998E-001                  1.4066273287416398E-001                  0.0000000000000000E+000                  0.0000000000000000E+000                  9.9999999954524998E-001                  1.4066273287416398E-001                  0.0000000000000000E+000                  0.0000000000000000E+000                 -3.9551734250501132E+000                  1.1087319814154638E-004                 -3.9551734250501132E+000                 -9.8999999999999986E+001                 -9.8999999999999986E+001                 -3.9551734250501132E+000                  1.1087319814154638E-004                 -3.9551734250935922E+000                 -1.3954678162981525E+001                 -9.8999999999999986E+001                 -2.0000000000000000E+001                 -2.0000000000000000E+001                 -2.0000000000000000E+001                 -2.0000000000000000E+001                 -2.0000000000000000E+001                 -2.0000000000000000E+001                 -2.0000000000000000E+001                 -2.0000000000000000E+001                  0.0000000000000000E+000                  0.0000000000000000E+000                  0.0000000000000000E+000                  0.0000000000000000E+000                  0.0000000000000000E+000                  3.6490497841455793E+000                 -1.5137273431853124E-002                  2.1698495585741165E-001                  4.0040977155883093E+000                  0.0000000000000000E+000                  1.5097007876048748E+001                  3.1085544995852799E-001                  6.6559050696059421E+000                  6.1294698255193103E-001                  8.5824770100025494E-001                  1.2743229036486703E+000                  7.1649999218490679E-001                  2.6947132971694143E-001                  2.3838810482634163E-003                  6.5489967737205603E-003                  2.3838810482634592E-003                  6.5489967737205690E-003                  7.1649999915820883E-001                  2.6947132192189266E-001                                        0                                        5 
                                     135                                      713                  2.4458973176029674E+006                  5.6102869703817246E+000                  1.0000000000000000E+000                  3.3298505910360667E+001                 -9.8999999999999986E+001                  0.0000000000000000E+000                  9.9999999971712517E-001                  2.6936530010289911E-001                  0.0000000000000000E+000                  0.0000000000000000E+000                  9.9999999971712517E-001                  2.6936530010289911E-001                  0.0000000000000000E+000                  0.0000000000000000E+000                 -3.7828452535394046E+000                  1.6487497642678103E-004                 -3.7828452535394046E+000                 -9.8999999999999986E+001                 -9.8999999999999986E+001                 -3.7828452535394046E+000                  1.6487497642678103E-004                 -3.7828452543331723E+000                 -1.2520935959755567E+001                 -9.8999999999999986E+001                 -2.0000000000000000E+001                 -2.0000000000000000E+001                 -2.0000000000000000E+001                 -2.0000000000000000E+001                 -2.0000000000000000E+001                 -2.0000000000000000E+001                 -2.0000000000000000E+001                 -2.0000000000000000E+001                  0.0000000000000000E+000                  0.0000000000000000E+000                  0.0000000000000000E+000                  0.0000000000000000E+000                  0.0000000000000000E+000                  3.6447539870834413E+000                 -1.4046905751893463E-001                  1.6291065793814707E-001                  4.1122463114268388E+000                  0.0000000000000000E+000                  1.5347219646923016E+001                  5.1742228070409335E-001                  6.6996031826604678E+000                  6.1292842889831500E-001                  8.5824769045464711E-001                  1.2743229378986716E+000                  7.1649996054808263E-001                  2.6947132971696175E-001                  2.3838810482615619E-003                  6.5489967737205551E-003                  2.3838810482634592E-003                  6.5489967737205690E-003                  7.1649999571726819E-001                  2.6947132478956937E-001                                        0                                        5 
                                     140                                      718                  4.9856624170015668E+006                  5.7378342150325494E+000                  1.0000000000000000E+000                  3.3298505910360667E+001                 -9.8999999999999986E+001                  0.0000000000000000E+000                  9.9999999984212506E-001                  4.5445184418390755E-001                  0.0000000000000000E+000                  0.0000000000000000E+000                  9.9999999984212506E-001                  4.5445184418390755E-001                  0.0000000000000000E+000                  0.0000000000000000E+000                 -3.3774723472286152E+000                  4.1930269403603516E-004                 -3.3774723472286152E+000                 -9.8999999999999986E+001                 -1.8964889726830812E+001                 -3.3774723472286152E+000                  4.1930269403603516E-004                 -3.3774723592686993E+000                 -1.0934627145521201E+001                 -9.8999999999999986E+001                 -2.0000000000000000E+001                 -2.0000000000000000E+001                 -2.0000000000000000E+001                 -2.0000000000000000E+001                 -2.0000000000000000E+001                 -2.0000000000000000E+001                 -2.0000000000000000E+001                 -2.0000000000000000E+001                  0.0000000000000000E+000                  0.0000000000000000E+000                  0.0000000000000000E+000                  0.0000000000000000E+000                  0.0000000000000000E+000                  3.6445739657458094E+000                 -2.4955917813135797E-001                  1.0872564030719978E-001                  4.2206163466887334E+000                  0.0000000000000000E+000                  1.5653971105747381E+001                  7.7357160687504678E-001                  6.7501666577041872E+000                  6.1290842291450187E-001                  8.5824762944404376E-001                  1.2743231360487626E+000                  7.1649977751633354E-001                  2.6947132971704901E-001                  2.3838810481591772E-003                  6.5489967737205551E-003                  2.3838810482634592E-003                  6.5489967737205690E-003                  7.1649997653893738E-001                  2.6947132731129475E-001                                        0                                        5 
                                     145                                      726                  8.4957795414743740E+006                  5.8958822281747496E+000                  1.0000000000000000E+000                  3.3298505910360667E+001                 -9.8999999999999986E+001                  0.0000000000000000E+000                  9.9999999985775001E-001                  6.2451366365412941E-001                  0.0000000000000000E+000                  0.0000000000000000E+000                  9.9999999985775001E-001                  6.2451366365412941E-001                  0.0000000000000000E+000                  0.0000000000000000E+000                 -2.8208406794242733E+000                  1.5106342274589313E-003                 -2.8208406794242733E+000                 -9.8999999999999986E+001                 -1.8663859731166831E+001                 -2.8208406794242733E+000                  1.5106342274589313E-003                 -2.8208408311035309E+000                 -9.2776988722042653E+000                 -9.8999999999999986E+001                 -2.0000000000000000E+001                 -2.0000000000000000E+001                 -2.0000000000000000E+001                 -2.0000000000000000E+001                 -2.0000000000000000E+001                 -2.0000000000000000E+001                 -2.0000000000000000E+001                 -2.0000000000000000E+001                  0.0000000000000000E+000                  0.0000000000000000E+000                  0.0000000000000000E+000                  0.0000000000000000E+000                  0.0000000000000000E+000                  3.6546053538741492E+000                 -2.9224225805521398E-001                  6.7321324088591344E-002                  4.3034249791259498E+000                  0.0000000000000000E+000                  1.5980310108257784E+001                  1.0433555400606946E+000                  6.8063692804076981E+000                  6.1289736094326885E-001                  8.5824731774707619E-001                  1.2743241483763179E+000                  7.1649884242831086E-001                  2.6947132972086058E-001                  2.3838810421771437E-003                  6.5489967737205447E-003                  2.3838810482634592E-003                  6.5489967737205690E-003                  7.1649988019098998E-001                  2.6947132845071803E-001                                        0                                        5 
                                     150                                      733                  1.2702048944101240E+007                  5.9652640875737912E+000                  1.0000000000000000E+000                  3.3298505910360667E+001                 -9.8999999999999986E+001                  0.0000000000000000E+000                  9.9999999984993748E-001                  7.6706926301831113E-001                  0.0000000000000000E+000                  0.0000000000000000E+000                  9.9999999984993748E-001                  7.6706926301831113E-001                  0.0000000000000000E+000                  0.0000000000000000E+000                 -2.2134772550929158E+000                  6.1167783695886494E-003                 -2.2134772550929158E+000                 -9.8999999999999986E+001                 -1.7459739748510909E+001                 -2.2134772550929158E+000                  6.1167783695886494E-003                 -2.2134796611563625E+000                 -7.4699556941958836E+000                 -9.8999999999999986E+001                 -2.0000000000000000E+001                 -2.0000000000000000E+001                 -2.0000000000000000E+001                 -2.0000000000000000E+001                 -2.0000000000000000E+001                 -2.0000000000000000E+001                 -2.0000000000000000E+001                 -2.0000000000000000E+001                  0.0000000000000000E+000                  0.0000000000000000E+000                  0.0000000000000000E+000                  0.0000000000000000E+000                  0.0000000000000000E+000                  3.6774945117991802E+000                 -2.5385572764354153E-001                  4.0736273444366075E-002                  4.3565950804144009E+000                  0.0000000000000000E+000                  1.6321225679796100E+001                  1.3177161730550089E+000                  6.8720472135046249E+000                  6.1289089044283107E-001                  8.5824581148829715E-001                  1.2743290402751848E+000                  7.1649432384239253E-001                  2.6947132996016310E-001                  2.3838806079321010E-003                  6.5489967737187259E-003                  2.3838810482634592E-003                  6.5489967737205690E-003                  7.1649942842998016E-001                  2.6947132896099746E-001                                        0                                        5 
                                     155                                      740                  1.7334829583233692E+007                  5.9270651296808836E+000                  1.0000000000000000E+000                  3.3298505910360667E+001                 -9.8999999999999986E+001                  0.0000000000000000E+000                  9.9999999988900001E-001                  8.7724674566371308E-001                  0.0000000000000000E+000                  0.0000000000000000E+000                  9.9999999988900001E-001                  8.7724674566371308E-001                  0.0000000000000000E+000                  0.0000000000000000E+000                 -1.5474301211629811E+000                  2.8351097715348987E-002                 -1.5474301211629893E+000                 -9.8999999999999986E+001                 -1.5272219027674446E+001                 -1.5474301211629811E+000                  2.8351097715348987E-002                 -1.5474850664379987E+000                 -5.4453115533764347E+000                 -9.8999999999999986E+001                 -2.0000000000000000E+001                 -2.0000000000000000E+001                 -2.0000000000000000E+001                 -2.0000000000000000E+001                 -2.0000000000000000E+001                 -2.0000000000000000E+001                 -2.0000000000000000E+001                 -2.0000000000000000E+001                  0.0000000000000000E+000                  0.0000000000000000E+000                  0.0000000000000000E+000                  0.0000000000000000E+000                  0.0000000000000000E+000                  3.7112583032061504E+000                 -1.4497381447682134E-001                  2.7649647213786075E-002                  4.3827683328755604E+000                  0.0000000000000000E+000                  1.6680515066434602E+001                  1.5962284490850982E+000                  6.9512697238058632E+000                  6.1289381331425652E-001                  8.5823833117925774E-001                  1.2743533134904170E+000                  7.1647191019504397E-001                  2.6947136952066542E-001                  2.3838345791050001E-003                  6.5489967732631953E-003                  2.3838810482634592E-003                  6.5489967737205690E-003                  7.1649723392898346E-001                  2.6947132997867623E-001                                        0                                        5 
                                     160                                      753                  2.2700050255356066E+007                  6.0622211513357049E+000                  1.0000000000000000E+000                  3.3298505910360667E+001                 -9.8999999999999986E+001                  0.0000000000000000E+000                  9.9999999993900002E-001                  9.5234011970097399E-001                  0.0000000000000000E+000                  0.0000000000000000E+000                  9.9999999993900002E-001                  9.5234011970097399E-001                  0.0000000000000000E+000                  0.0000000000000000E+000                 -7.2744243975985601E-001                  1.8730853203332021E-001                 -7.2744243976180789E-001                 -5.1134734269921630E+001                 -1.2074791670418376E+001                 -7.2744243975985601E-001                  1.8730853203332021E-001                 -7.2958740253576626E-001                 -3.0348790316752345E+000                 -5.1134734269921630E+001                 -2.0000000000000000E+001                 -2.0000000000000000E+001                 -2.0000000000000000E+001                 -2.0000000000000000E+001                 -2.0000000000000000E+001                 -2.0000000000000000E+001                 -2.0000000000000000E+001                 -2.0000000000000000E+001                  0.0000000000000000E+000                  0.0000000000000000E+000                  0.0000000000000000E+000                  0.0000000000000000E+000                  0.0000000000000000E+000                  3.7508949141971595E+000                  8.2526635609251539E-003                  2.4989664250641214E-002                  4.3880882988018506E+000                  0.0000000000000000E+000                  1.7061964135004636E+001                  1.8697153260715300E+000                  7.0571898297334164E+000                  6.1294700868384289E-001                  8.5818904189197476E-001                  1.2744943621241980E+000                  7.1634753565270637E-001                  2.6951413689451481E-001                  2.3704633534750922E-003                  6.5489967146341354E-003                  2.3838810482634592E-003                  6.5489967737205664E-003                  7.1648362877829486E-001                  2.6947208288329244E-001                                        0                                        5 
                                     165                                      785                  3.2575731980779082E+007                  6.4225385609283840E+000                  1.0000000000000000E+000                  3.3298505910360667E+001                 -9.8999999999999986E+001                  5.3219730176119029E-002                  5.1255202845306935E-002                  7.8130120751557230E-008                  9.9999999997337530E-001                  9.8461270765398268E-001                  5.1255202845306935E-002                  7.8130120751557230E-008                  9.9999999997337530E-001                  9.8461270765398268E-001                 -7.4591008896603236E-002                  8.4218788764890229E-001                 -7.4591008975263981E-002                 -4.6535274341775370E+001                 -9.8166172613187985E+000                 -7.4591008896603236E-002                  8.4218788764890229E-001                 -1.0927165724355010E-001                 -1.1895130507686762E+000                 -4.6535274341775370E+001                 -2.0000000000000000E+001                 -2.0000000000000000E+001                 -2.0000000000000000E+001                 -2.0000000000000000E+001                 -2.0000000000000000E+001                 -2.0000000000000000E+001                 -2.0000000000000000E+001                 -2.0000000000000000E+001                  0.0000000000000000E+000                  0.0000000000000000E+000                  0.0000000000000000E+000                  0.0000000000000000E+000                  0.0000000000000000E+000                  3.7677086571846274E+000                 -4.4780205307337811E-002                 -3.5154256158427329E-002                  4.5083761396199877E+000                  0.0000000000000000E+000                  1.7203552961128366E+001                  1.9256512035352964E+000                  7.1430588316600305E+000                  6.1318156148746206E-001                  8.5791808092210964E-001                  1.2751377546331064E+000                  7.1585303183411231E-001                  2.7000787931451936E-001                  1.7807181479354420E-003                  6.5489583287959337E-003                  2.3838810482634592E-003                  6.5489967737205690E-003                  7.1639950563554389E-001                  2.6952298433758703E-001                                        0                                        5 
                                     170                                      786                  5.6201510543922856E+007                  6.8184447911665087E+000                  1.0000000000000000E+000                  3.3298505910360667E+001                 -9.8999999999999986E+001                  3.9070798056135086E-002                  3.8478387911627998E-002                  7.8130120362979172E-008                  9.9999999997337530E-001                  9.8239571160759687E-001                  3.8478387911627998E-002                  7.8130120362979172E-008                  9.9999999997337530E-001                  9.8239571160759687E-001                 -8.0332583629723286E-002                  8.3112704848630181E-001                 -8.0332583699696883E-002                 -4.6642388451864669E+001                 -9.8731826879898268E+000                 -8.0332583629723286E-002                  8.3112704848630181E-001                 -9.9828299442187601E-002                 -1.4378891039428023E+000                 -4.6642388451864669E+001                 -2.0000000000000000E+001                 -2.0000000000000000E+001                 -2.0000000000000000E+001                 -2.0000000000000000E+001                 -2.0000000000000000E+001                 -2.0000000000000000E+001                 -2.0000000000000000E+001                 -2.0000000000000000E+001                  0.0000000000000000E+000                  0.0000000000000000E+000                  0.0000000000000000E+000                  0.0000000000000000E+000                  0.0000000000000000E+000                  3.7647270378302258E+000                 -7.9460167874707055E-002                 -4.6530998733308480E-002                  4.5311296247697497E+000                  0.0000000000000000E+000                  1.7201984459832719E+001                  1.9267989802018683E+000                  7.1408538464252436E+000                  6.1393055609639502E-001                  8.5713510109740021E-001                  1.2771454906484165E+000                  7.1427795097637126E-001                  2.7138111610061771E-001                  6.0747723942743267E-004                  6.5487957332390290E-003                  2.3838810482634592E-003                  6.5489967737205690E-003                  7.1617738642183681E-001                  2.6968574104628507E-001                                        0                                        5 
                                     175                                      776                  1.1499000785816476E+008                  7.2143510214046325E+000                  1.0000000000000000E+000                  3.3298505910360667E+001                 -9.8999999999999986E+001                  9.3432989726138557E-003                  9.9999999997337530E-001                  9.8292810967768929E-001                  9.1996643689766788E-003                  7.8130120418490323E-008                  9.9999999997337530E-001                  9.8292810967768929E-001                  9.1996643689766788E-003                  7.8130120418490323E-008                 -7.1430533094875015E-002                  8.4833906636964518E-001                 -7.1430533162651105E-002                 -4.6641653240279695E+001                 -9.8781383021106262E+000                 -7.1430533094875015E-002                  8.4833906636964518E-001                 -7.8324831385224170E-002                 -1.8741673678795128E+000                 -4.6641653240279695E+001                 -2.0000000000000000E+001                 -2.0000000000000000E+001                 -2.0000000000000000E+001                 -2.0000000000000000E+001                 -2.0000000000000000E+001                 -2.0000000000000000E+001                 -2.0000000000000000E+001                 -2.0000000000000000E+001                  0.0000000000000000E+000                  0.0000000000000000E+000                  0.0000000000000000E+000                  0.0000000000000000E+000                  0.0000000000000000E+000                  3.7655746602861848E+000                 -7.1276637777990454E-002                 -4.4134478596868129E-002                  4.5263365844968693E+000                  0.0000000000000000E+000                  1.7212705393428777E+001                  1.9396206604943196E+000                  7.1400252534923272E+000                  6.1590223970319513E-001                  8.5504458523259552E-001                  1.2823430163142049E+000                  7.1008417400048984E-001                  2.7547429887393204E-001                  3.2456781155782748E-005                  6.5481137839974533E-003                  2.3838810482634592E-003                  6.5489967737205690E-003                  7.1565568999734719E-001                  2.7013076014448095E-001                                        0                                        5 
                                     180                                      773                  2.6127460149513912E+008                  7.6102572516427562E+000                  1.0000000000000000E+000                  3.3298505910360667E+001                 -9.8999999999999986E+001                  1.7502185874078884E-003                  9.9999999997337530E-001                  9.8313231943124013E-001                  1.7179547591967825E-003                  7.8130120418490323E-008                  9.9999999997337530E-001                  9.8313231943124013E-001                  1.7179547591967825E-003                  7.8130120418490323E-008                 -6.4564003798540159E-002                  8.6185855363756292E-001                 -6.4564003870432277E-002                 -4.6512679741909601E+001                 -9.8456670405692162E+000                 -6.4564003798540159E-002                  8.6185855363756292E-001                 -6.8084588892654022E-002                 -2.1574925815354398E+000                 -4.6512679741909601E+001                 -2.0000000000000000E+001                 -2.0000000000000000E+001                 -2.0000000000000000E+001                 -2.0000000000000000E+001                 -2.0000000000000000E+001                 -2.0000000000000000E+001                 -2.0000000000000000E+001                 -2.0000000000000000E+001                  0.0000000000000000E+000                  0.0000000000000000E+000                  0.0000000000000000E+000                  0.0000000000000000E+000                  0.0000000000000000E+000                  3.7660375207359853E+000                 -6.4512273640733545E-002                 -4.1678017427840372E-002                  4.5214236621588135E+000                  0.0000000000000000E+000                  1.7219243414738095E+001                  1.9486479879981484E+000                  7.1413379815767337E+000                  6.2138877893955535E-001                  8.4926698687158331E-001                  1.2967554147369431E+000                  6.9852968861403364E-001                  2.8703092409197023E-001                  1.0626852540998051E-005                  6.5453696084187994E-003                  2.3838810482634592E-003                  6.5489967737205656E-003                  7.1438609484563875E-001                  2.7129524035557406E-001                                        0                                        5 
                                     185                                      772                  6.2527748153389513E+008                  8.0061634818808809E+000                  1.0000000000000000E+000                  3.3298505910360667E+001                 -9.8999999999999986E+001                  0.0000000000000000E+000                  9.9999999997337530E-001                  9.8354757937924808E-001                  0.0000000000000000E+000                  0.0000000000000000E+000                  9.9999999997337530E-001                  9.8354757937924808E-001                  0.0000000000000000E+000                  0.0000000000000000E+000                 -5.1891290932039515E-002                  8.8737810552177787E-001                 -5.1891291021838398E-002                 -4.6136044403798834E+001                 -9.7364046776682809E+000                 -5.1891290932039515E-002                  8.8737810552177787E-001                 -5.3841151401494626E-002                 -2.4006466530609019E+000                 -4.6136044403798834E+001                 -2.0000000000000000E+001                 -2.0000000000000000E+001                 -2.0000000000000000E+001                 -2.0000000000000000E+001                 -2.0000000000000000E+001                 -2.0000000000000000E+001                 -2.0000000000000000E+001                 -2.0000000000000000E+001                  0.0000000000000000E+000                  0.0000000000000000E+000                  0.0000000000000000E+000                  0.0000000000000000E+000                  0.0000000000000000E+000                  3.7670191357594471E+000                 -5.1819342668694202E-002                 -3.7294781988744197E-002                  4.5126571912806215E+000                  0.0000000000000000E+000                  1.7233178878079336E+001                  1.9684764873356082E+000                  7.1458111757664904E+000                  6.3647519379464224E-001                  8.3383032492749565E-001                  1.3368947723952609E+000                  6.6765945463318421E-001                  3.1790818800773157E-001                  1.0975283401022189E-005                  6.5349291549557879E-003                  2.3838810482634592E-003                  6.5489967737205656E-003                  7.1122567088389443E-001                  2.7431356046078265E-001                                        0                                        5 
                                     190                                      774                  1.2632303662632515E+009                  8.0727383839504494E+000                  1.0000000000000000E+000                  3.3298505910360667E+001                 -9.8999999999999986E+001                  0.0000000000000000E+000                  9.9999999997337530E-001                  9.8441809448643136E-001                  0.0000000000000000E+000                  0.0000000000000000E+000                  9.9999999997337530E-001                  9.8441809448643136E-001                  0.0000000000000000E+000                  0.0000000000000000E+000                 -3.0655212886910626E-002                  9.3184737706912291E-001                 -3.0655213024829920E-002                 -4.5457058950461203E+001                 -9.5288145049094783E+000                 -3.0655212886910626E-002                  9.3184737706912291E-001                 -3.2200887160394140E-002                 -2.4800941924312259E+000                 -4.5457058950461203E+001                 -2.0000000000000000E+001                 -2.0000000000000000E+001                 -2.0000000000000000E+001                 -2.0000000000000000E+001                 -2.0000000000000000E+001                 -2.0000000000000000E+001                 -2.0000000000000000E+001                 -2.0000000000000000E+001                  0.0000000000000000E+000                  0.0000000000000000E+000                  0.0000000000000000E+000                  0.0000000000000000E+000                  0.0000000000000000E+000                  3.7686815008500174E+000                 -3.0579114329840697E-002                 -2.9999398000457714E-002                  4.4980664233040484E+000                  0.0000000000000000E+000                  1.7258794903932809E+001                  2.0047315483301098E+000                  7.1544873429278137E+000                  6.6551964606549019E-001                  8.0602404302038366E-001                  1.4158395330131510E+000                  6.1205114973888730E-001                  3.7352217293555440E-001                  1.1414877676812541E-005                  6.5076335788463889E-003                  2.3838810482634592E-003                  6.5489967737205656E-003                  7.0552823416050003E-001                  2.7987131642605445E-001                                        0                                        5 
                                     195                                      775                  1.8342686268146608E+009                  8.0522151414736332E+000                  1.0000000000000000E+000                  3.3298505910360667E+001                 -9.8999999999999986E+001                  0.0000000000000000E+000                  9.9999999997337530E-001                  9.8522014907187894E-001                  0.0000000000000000E+000                  0.0000000000000000E+000                  9.9999999997337530E-001                  9.8522014907187894E-001                  0.0000000000000000E+000                  0.0000000000000000E+000                 -1.1187552562724513E-002                  9.7456867375508605E-001                 -1.1187552770963454E-002                 -4.4832453157998977E+001                 -9.3304099158028855E+000                 -1.1187552562724513E-002                  9.7456867375508605E-001                 -1.2845131458795693E-002                 -2.4303262356118998E+000                 -4.4832453157998977E+001                 -2.0000000000000000E+001                 -2.0000000000000000E+001                 -2.0000000000000000E+001                 -2.0000000000000000E+001                 -2.0000000000000000E+001                 -2.0000000000000000E+001                 -2.0000000000000000E+001                 -2.0000000000000000E+001                  0.0000000000000000E+000                  0.0000000000000000E+000                  0.0000000000000000E+000                  0.0000000000000000E+000                  0.0000000000000000E+000                  3.7701293439190628E+000                 -1.1112261240358814E-002                 -2.3161657593808657E-002                  4.4843909424907498E+000                  0.0000000000000000E+000                  1.7283513289839764E+001                  2.0394821991658154E+000                  7.1628936897505531E+000                  6.9454374666051910E-001                  7.8063267651040846E-001                  1.4965358213004745E+000                  5.6127279527170759E-001                  4.2430407827495820E-001                  1.1854331389858961E-005                  6.4703469825020338E-003                  2.3838810482634597E-003                  6.5489967737205664E-003                  7.0021585651183016E-001                  2.8510282571950468E-001                                        0                                        5 
                                     200                                      776                  2.3905996217304921E+009                  8.0424291853809162E+000                  1.0000000000000000E+000                  3.3298505910360667E+001                 -9.8999999999999986E+001                  0.0000000000000000E+000                  9.9999999997337530E-001                  9.8598406637326641E-001                  0.0000000000000000E+000                  0.0000000000000000E+000                  9.9999999997337530E-001                  9.8598406637326641E-001                  0.0000000000000000E+000                  0.0000000000000000E+000                  8.4837356037008663E-003                  1.0197265704100043E+000                  8.4837352846004830E-003                 -4.4203291065024089E+001                 -9.1253732510603403E+000                  8.4837356037008663E-003                  1.0197265704100043E+000                  6.4786984200856578E-003                 -2.3281803468008522E+000                 -4.4203291065024089E+001                 -2.0000000000000000E+001                 -2.0000000000000000E+001                 -2.0000000000000000E+001                 -2.0000000000000000E+001                 -2.0000000000000000E+001                 -2.0000000000000000E+001                 -2.0000000000000000E+001                 -2.0000000000000000E+001                  0.0000000000000000E+000                  0.0000000000000000E+000                  0.0000000000000000E+000                  0.0000000000000000E+000                  0.0000000000000000E+000                  3.7714965207890270E+000                  8.5566000616577736E-003                 -1.6061580682728394E-002                  4.4701907886685897E+000                  0.0000000000000000E+000                  1.7309439339628359E+001                  2.0757343154857124E+000                  7.1717218081726113E+000                  7.2598968784916240E-001                  7.5534448016755529E-001                  1.5865959526465039E+000                  5.1070162516938167E-001                  4.7487693563633887E-001                  1.2331197215655623E-005                  6.4149773299118857E-003                  2.3838810482634597E-003                  6.5489967737205664E-003                  6.9481535515076687E-001                  2.9044607232313097E-001                                        0                                        5 
                                     205                                      775                  2.9338839114476705E+009                  8.0315978215688890E+000                  1.0000000000000000E+000                  3.3298505910360667E+001                 -9.8999999999999986E+001                  0.0000000000000000E+000                  9.9999999997337530E-001                  9.8671808287810414E-001                  0.0000000000000000E+000                  0.0000000000000000E+000                  9.9999999997337530E-001                  9.8671808287810414E-001                  0.0000000000000000E+000                  0.0000000000000000E+000                  2.8470133455225911E-002                  1.0677513604746525E+000                  2.8470132958270916E-002                 -4.3563079624712493E+001                 -8.9129971187264552E+000                  2.8470133455225911E-002                  1.0677513604746525E+000                  2.5873277966764932E-002                 -2.1961642595609332E+000                 -4.3563079624712493E+001                 -2.0000000000000000E+001                 -2.0000000000000000E+001                 -2.0000000000000000E+001                 -2.0000000000000000E+001                 -2.0000000000000000E+001                 -2.0000000000000000E+001                 -2.0000000000000000E+001                 -2.0000000000000000E+001                  0.0000000000000000E+000                  0.0000000000000000E+000                  0.0000000000000000E+000                  0.0000000000000000E+000                  0.0000000000000000E+000                  3.7727750733636225E+000                  2.8539120269799111E-002                 -8.6274257278484839E-003                  4.4553224787588297E+000                  0.0000000000000000E+000                  1.7336743736293574E+001                  2.1138195716171455E+000                  7.1810293681453166E+000                  7.6057128899112947E-001                  7.3001691572793759E-001                  1.6883557894934667E+000                  4.6005314321318469E-001                  5.2552490061342538E-001                  1.2854745818761417E-005                  6.3316612253405142E-003                  2.3838810482634597E-003                  6.5489967737205656E-003                  6.8930231129574659E-001                  2.9591657852768677E-001                                        0                                        5 
                                     210                                      773                  3.4627268866907859E+009                  8.0193450247733988E+000                  1.0000000000000000E+000                  3.3298505910360667E+001                 -9.8999999999999986E+001                  0.0000000000000000E+000                  9.9999999997337530E-001                  9.8740732373325779E-001                  0.0000000000000000E+000                  0.0000000000000000E+000                  9.9999999997337530E-001                  9.8740732373325779E-001                  0.0000000000000000E+000                  0.0000000000000000E+000                  4.8730821268942938E-002                  1.1187442630829418E+000                  4.8730820483803700E-002                 -4.2910967620347627E+001                 -8.6941068088495719E+000                  4.8730821268942938E-002                  1.1187442630829418E+000                  4.5216979670772608E-002                 -2.0450271438009873E+000                 -4.2910967620347627E+001                 -2.0000000000000000E+001                 -2.0000000000000000E+001                 -2.0000000000000000E+001                 -2.0000000000000000E+001                 -2.0000000000000000E+001                 -2.0000000000000000E+001                 -2.0000000000000000E+001                 -2.0000000000000000E+001                  0.0000000000000000E+000                  0.0000000000000000E+000                  0.0000000000000000E+000                  0.0000000000000000E+000                  0.0000000000000000E+000                  3.7739404889760273E+000                  4.8794642613761589E-002                 -8.3049578067703755E-004                  4.4397286188644873E+000                  0.0000000000000000E+000                  1.7365534340607461E+001                  2.1538876212325291E+000                  7.1908234293208633E+000                  7.9856832280544332E-001                  7.0464851137738260E-001                  1.8042587990226981E+000                  4.0932516858812135E-001                  5.7624979507105389E-001                  1.3438231865340745E-005                  6.2057368317329714E-003                  2.3838810482634597E-003                  6.5489967737205656E-003                  6.8368472444033346E-001                  3.0150183139817049E-001                                        0                                        5 
                                     215                                      774                  3.9762121050529685E+009                  8.0062704933154354E+000                  1.0000000000000000E+000                  3.3298505910360667E+001                 -9.8999999999999986E+001                  0.0000000000000000E+000                  9.9999999997337530E-001                  9.8802349016288604E-001                  0.0000000000000000E+000                  0.0000000000000000E+000                  9.9999999997337530E-001                  9.8802349016288604E-001                  0.0000000000000000E+000                  0.0000000000000000E+000                  6.9216944344882098E-002                  1.1727810618733552E+000                  6.9216943087257746E-002                 -4.2243808798375468E+001                 -8.4690164264701675E+000                  6.9216944344882098E-002                  1.1727810618733552E+000                  6.4314028356804484E-002                 -1.8805621790605163E+000                 -4.2243808798375468E+001                 -2.0000000000000000E+001                 -2.0000000000000000E+001                 -2.0000000000000000E+001                 -2.0000000000000000E+001                 -2.0000000000000000E+001                 -2.0000000000000000E+001                 -2.0000000000000000E+001                 -2.0000000000000000E+001                  0.0000000000000000E+000                  0.0000000000000000E+000                  0.0000000000000000E+000                  0.0000000000000000E+000                  0.0000000000000000E+000                  3.7749868037908274E+000                  6.9274199860368160E-002                  7.3166532130269227E-003                  4.4234343208770790E+000                  0.0000000000000000E+000                  1.7395799974929417E+001                  2.1960672788955899E+000                  7.2010909298514250E+000                  8.4070360107094944E-001                  6.7926095482097248E-001                  1.9373485647910853E+000                  3.5856199958144125E-001                  6.2700730001562965E-001                  1.4109959686876032E-005                  6.0159045261020047E-003                  2.3838810482634605E-003                  6.5489967737205664E-003                  6.7796899760245521E-001                  3.0719255809574086E-001                                        0                                        5 
                                     220                                      774                  4.4745316584848137E+009                  7.9935274165854810E+000                  1.0000000000000000E+000                  3.3298505910360667E+001                 -9.8999999999999986E+001                  0.0000000000000000E+000                  9.9999999997337530E-001                  9.8858513640370682E-001                  0.0000000000000000E+000                  0.0000000000000000E+000                  9.9999999997337530E-001                  9.8858513640370682E-001                  0.0000000000000000E+000                  0.0000000000000000E+000                  8.9930197124475947E-002                  1.2300710492190952E+000                  8.9930195084055406E-002                 -4.1559697131574652E+001                 -8.2381344276656101E+000                  8.9930197124475947E-002                  1.2300710492190952E+000                  8.2925976429861659E-002                 -1.7059918235635629E+000                 -4.1559697131574652E+001                 -2.0000000000000000E+001                 -2.0000000000000000E+001                 -2.0000000000000000E+001                 -2.0000000000000000E+001                 -2.0000000000000000E+001                 -2.0000000000000000E+001                 -2.0000000000000000E+001                 -2.0000000000000000E+001                  0.0000000000000000E+000                  0.0000000000000000E+000                  0.0000000000000000E+000                  0.0000000000000000E+000                  0.0000000000000000E+000                  3.7758948565984358E+000                  8.9980081171180434E-002                  1.5853488253216322E-002                  4.4063606507967004E+000                  0.0000000000000000E+000                  1.7427840321530169E+001                  2.2406886810850906E+000                  7.2118320813815293E+000                  8.8737175425390080E-001                  6.5389499942470841E-001                  2.0914823597647927E+000                  3.0784601482178492E-001                  6.7771623764025501E-001                  1.4938322131987997E-005                  5.7322982146926086E-003                  2.3838810482634605E-003                  6.5489967737205664E-003                  6.7215099414199964E-001                  3.1299089880743547E-001                                        0                                        5 
                                     225                                      774                  4.9597669464719725E+009                  7.9830274194419903E+000                  1.0000000000000000E+000                  3.3298505910360667E+001                 -9.8999999999999986E+001                  0.0000000000000000E+000                  9.9999999997025035E-001                  9.8905804531234776E-001                  0.0000000000000000E+000                  0.0000000000000000E+000                  9.9999999997025035E-001                  9.8905804531234776E-001                  0.0000000000000000E+000                  0.0000000000000000E+000                  1.1098018210914229E-001                  1.2911603535492369E+000                  1.1098017875562721E-001                 -4.0855128897778002E+001                 -8.0013038675434700E+000                  1.1098018210914229E-001                  1.2911603535492369E+000                  1.0075734411321391E-001                 -1.5223341874634844E+000                 -4.0855128897778002E+001                 -2.0000000000000000E+001                 -2.0000000000000000E+001                 -2.0000000000000000E+001                 -2.0000000000000000E+001                 -2.0000000000000000E+001                 -2.0000000000000000E+001                 -2.0000000000000000E+001                 -2.0000000000000000E+001                  0.0000000000000000E+000                  0.0000000000000000E+000                  0.0000000000000000E+000                  0.0000000000000000E+000                  0.0000000000000000E+000                  3.7766549434145156E+000                  1.1102196841542541E-001                  2.4854258243178051E-002                  4.3883591108167765E+000                  0.0000000000000000E+000                  1.7462207901791345E+001                  2.2884053549624523E+000                  7.2230565237709952E+000                  9.3946419086832544E-001                  6.2860582545986410E-001                  2.2716461752908890E+000                  2.5728768395173413E-001                  7.2827065791046064E-001                  1.6083305481641324E-005                  5.3167616469828923E-003                  2.3838810482634597E-003                  6.5489967737205656E-003                  6.6620276774762144E-001                  3.1892333557802388E-001                                        0                                        5 
                                     230                                      774                  5.4355009241278296E+009                  7.9755891539634236E+000                  1.0000000000000000E+000                  3.3298505910360667E+001                 -9.8999999999999986E+001                  0.0000000000000000E+000                  9.9999999997025024E-001                  9.8946510799083887E-001                  0.0000000000000000E+000                  0.0000000000000000E+000                  9.9999999997025024E-001                  9.8946510799083887E-001                  0.0000000000000000E+000                  0.0000000000000000E+000                  1.3257361929727823E-001                  1.3569805389485627E+000                  1.3257361370821030E-001                 -4.0123637839041933E+001                 -7.7578713073093395E+000                  1.3257361929727823E-001                  1.3569805389485627E+000                  1.1728610066156556E-001                 -1.3284951914726117E+000                 -4.0123637839041933E+001                 -2.0000000000000000E+001                 -2.0000000000000000E+001                 -2.0000000000000000E+001                 -2.0000000000000000E+001                 -2.0000000000000000E+001                 -2.0000000000000000E+001                 -2.0000000000000000E+001                 -2.0000000000000000E+001                  0.0000000000000000E+000                  0.0000000000000000E+000                  0.0000000000000000E+000                  0.0000000000000000E+000                  0.0000000000000000E+000                  3.7772481754171916E+000                  1.3260644335087865E-001                  3.4460031705553382E-002                  4.3691475638920263E+000                  0.0000000000000000E+000                  1.7499666029135561E+001                  2.3392532311952339E+000                  7.2348718969534271E+000                  9.9666406669746221E-001                  6.0339869815108138E-001                  2.4849819622476752E+000                  2.0689525770383083E-001                  7.7867426371951631E-001                  1.7903270578845823E-005                  4.7293056107289974E-003                  2.3838810482634605E-003                  6.5489967737205656E-003                  6.6007112215371910E-001                  3.2504198199623324E-001                                        0                                        5 
                                     235                                      775                  5.9029262841516066E+009                  7.9662213777470239E+000                  1.0000000000000000E+000                  3.3298505910360667E+001                 -9.8999999999999986E+001                  0.0000000000000000E+000                  9.9999999997025024E-001                  9.8977925256202359E-001                  0.0000000000000000E+000                  0.0000000000000000E+000                  9.9999999997025024E-001                  9.8977925256202359E-001                  0.0000000000000000E+000                  0.0000000000000000E+000                  1.5474129749008284E-001                  1.4280430419307271E+000                  1.5474128807854606E-001                 -3.9358951011361754E+001                 -7.5093824754635552E+000                  1.5474129749008284E-001                  1.4280430419307271E+000                  1.3121240896856401E-001                 -1.1231531119755378E+000                 -3.9358951011361754E+001                 -2.0000000000000000E+001                 -2.0000000000000000E+001                 -2.0000000000000000E+001                 -2.0000000000000000E+001                 -2.0000000000000000E+001                 -2.0000000000000000E+001                 -2.0000000000000000E+001                 -2.0000000000000000E+001                  0.0000000000000000E+000                  0.0000000000000000E+000                  0.0000000000000000E+000                  0.0000000000000000E+000                  0.0000000000000000E+000                  3.7776667326277558E+000                  1.5476051521433978E-001                  4.4699953216155996E-002                  4.3486677208708207E+000                  0.0000000000000000E+000                  1.7540523238644962E+001                  2.3937247878575740E+000                  7.2475578482783583E+000                  1.0610782503840657E+000                  5.7804000773086839E-001                  2.7442081510488725E+000                  1.5619415057294003E-001                  8.2942561263414405E-001                  2.1076246290466238E-005                  3.9568254757891908E-003                  2.3838810482634605E-003                  6.5489967737205656E-003                  6.5372602455016326E-001                  3.3137609381195282E-001                                        0                                        5 
                                     240                                      779                  6.3475669705012236E+009                  7.9328225296222259E+000                  1.0000000000000000E+000                  3.3298505910360667E+001                 -9.8999999999999986E+001                  0.0000000000000000E+000                  9.9999999996712530E-001                  9.8995520652169178E-001                  0.0000000000000000E+000                  0.0000000000000000E+000                  9.9999999996712530E-001                  9.8995520652169178E-001                  0.0000000000000000E+000                  0.0000000000000000E+000                  1.7624514335365504E-001                  1.5005315917101734E+000                  1.7624512753084298E-001                 -3.8541950864506106E+001                 -7.2622555063411802E+000                  1.7624514335365504E-001                  1.5005315917101734E+000                  1.3897334955120516E-001                 -9.0866169059157831E-001                 -3.8541950864506106E+001                 -2.0000000000000000E+001                 -2.0000000000000000E+001                 -2.0000000000000000E+001                 -2.0000000000000000E+001                 -2.0000000000000000E+001                 -2.0000000000000000E+001                 -2.0000000000000000E+001                 -2.0000000000000000E+001                  0.0000000000000000E+000                  0.0000000000000000E+000                  0.0000000000000000E+000                  0.0000000000000000E+000                  0.0000000000000000E+000                  3.7777776145766579E+000                  1.7623478469814849E-001                  5.5215324060255096E-002                  4.3276369791826230E+000                  0.0000000000000000E+000                  1.7582373447414398E+001                  2.4520658370619524E+000                  7.2619310765317939E+000                  1.1402206522013290E+000                  5.5186056577165521E-001                  3.0753838252068211E+000                  1.0383371367006276E-001                  8.8190324953110855E-001                  2.6455800342446142E-005                  3.0738370834135888E-003                  2.3838810482634605E-003                  6.5489967737205656E-003                  6.4736767403475592E-001                  3.3772456808149476E-001                                        0                                        5 
                                     245                                      786                  6.7359707198107605E+009                  7.8360225629548426E+000                  1.0000000000000000E+000                  3.3298505910360667E+001                 -9.8999999999999986E+001                  0.0000000000000000E+000                  9.9999999996087519E-001                  9.8987025170752652E-001                  0.0000000000000000E+000                  0.0000000000000000E+000                  9.9999999996087519E-001                  9.8987025170752652E-001                  0.0000000000000000E+000                  0.0000000000000000E+000                  1.9457908486298259E-001                  1.5652333216780585E+000                  1.9457905988205623E-001                 -3.7710921478202209E+001                 -7.0455966999342996E+000                  1.9457908486298259E-001                  1.5652333216780585E+000                  1.3685630172337998E-001                 -7.1039993521006350E-001                 -3.7710921478202209E+001                 -2.0000000000000000E+001                 -2.0000000000000000E+001                 -2.0000000000000000E+001                 -2.0000000000000000E+001                 -2.0000000000000000E+001                 -2.0000000000000000E+001                 -2.0000000000000000E+001                 -2.0000000000000000E+001                  2.9191053280955000E-003                  0.0000000000000000E+000                  0.0000000000000000E+000                  0.0000000000000000E+000                  0.0000000000000000E+000                  3.7774928695385568E+000                  1.9453009797160328E-001                  6.4932470773185813E-002                  4.3082026857567612E+000                  0.0000000000000000E+000                  1.7621644792599170E+001                  2.5084809282010103E+000                  7.2769959298300071E+000                  1.2289831338315906E+000                  5.2651400400727333E-001                  3.4822965465793487E+000                  5.3118732622791855E-002                  9.3277997929568568E-001                  3.3388353510737562E-005                  2.3199458134803949E-003                  2.3838810482634605E-003                  6.5489967737205656E-003                  6.4154318364673357E-001                  3.4353937167851661E-001                                        0                                        5 
                                     250                                      787                  6.9830121854653587E+009                  7.6015809461125672E+000                  1.0000000000000000E+000                  3.3298505910360667E+001                 -9.8999999999999986E+001                  0.0000000000000000E+000                  9.9999999996087519E-001                  9.8970199668248460E-001                  0.0000000000000000E+000                  0.0000000000000000E+000                  9.9999999996087519E-001                  9.8970199668248460E-001                  0.0000000000000000E+000                  0.0000000000000000E+000                  2.0673693494368831E-001                  1.6096703147377582E+000                  2.0673690338050882E-001                 -3.7214841446814496E+001                 -6.9318666473297021E+000                  2.0673693494368831E-001                  1.6096703147377582E+000                  1.3333741862615273E-001                 -6.0153738110293942E-001                 -3.7214841446814496E+001                 -2.0000000000000000E+001                 -2.0000000000000000E+001                 -2.0000000000000000E+001                 -2.0000000000000000E+001                 -2.0000000000000000E+001                 -2.0000000000000000E+001                 -2.0000000000000000E+001                 -2.0000000000000000E+001                  7.0057691225763885E-003                  0.0000000000000000E+000                  0.0000000000000000E+000                  0.0000000000000000E+000                  0.0000000000000000E+000                  3.7771933686348116E+000                  2.0669790910106500E-001                  7.1615378145406972E-002                  4.2948368710123193E+000                  0.0000000000000000E+000                  1.7651853061803305E+001                  2.5501734680814550E+000                  7.2838618831322464E+000                  1.2833678287601240E+000                  5.1271734508652578E-001                  3.7525917801796833E+000                  2.5509728167241480E-002                  9.6047874002682054E-001                  3.7202491504447677E-005                  1.9858629743321823E-003                  2.3838810482634605E-003                  6.5489967737205656E-003                  6.3770542826316312E-001                  3.4737076058472732E-001                                        0                                        5 
                                     255                                      795                  7.1504883080893860E+009                  7.4856186214153411E+000                  1.0000000000000000E+000                  3.3298505910360667E+001                 -9.8999999999999986E+001                  0.0000000000000000E+000                  9.9999999996087519E-001                  9.8962039668205171E-001                  0.0000000000000000E+000                  0.0000000000000000E+000                  9.9999999996087519E-001                  9.8962039668205171E-001                  0.0000000000000000E+000                  0.0000000000000000E+000                  2.1597042522689974E-001                  1.6442597478922145E+000                  2.1597038978095018E-001                 -3.6952351317707858E+001                 -6.8722472887097643E+000                  2.1597042522689974E-001                  1.6442597478922145E+000                  1.3287584062194549E-001                 -5.4312641769701153E-001                 -3.6952351317707858E+001                 -2.0000000000000000E+001                 -2.0000000000000000E+001                 -2.0000000000000000E+001                 -2.0000000000000000E+001                 -2.0000000000000000E+001                 -2.0000000000000000E+001                 -2.0000000000000000E+001                 -2.0000000000000000E+001                  1.0011390714099899E-002                  0.0000000000000000E+000                  0.0000000000000000E+000                  0.0000000000000000E+000                  0.0000000000000000E+000                  3.7770192142259362E+000                  2.1594894424777694E-001                  7.6589204536513245E-002                  4.2848892182301066E+000                  0.0000000000000000E+000                  1.7676802586065968E+001                  2.5814223256236009E+000                  7.2855020256297234E+000                  1.3086717227198095E+000                  5.0668920024623443E-001                  3.8843342638314780E+000                  1.3446952881556484E-002                  9.7257738171070507E-001                  3.8621930917582991E-005                  1.8572418411051683E-003                  2.3838810482634605E-003                  6.5489967737205656E-003                  6.3503781490175559E-001                  3.5003478274067457E-001                                        0                                        5 
                                     258                                      795                  7.2370905752538414E+009                  7.4491138236322190E+000                  1.0000000000000000E+000                  3.3298505910360667E+001                 -9.8999999999999986E+001                  0.0000000000000000E+000                  9.9999999996087519E-001                  9.8957877713873643E-001                  0.0000000000000000E+000                  0.0000000000000000E+000                  9.9999999996087519E-001                  9.8957877713873643E-001                  0.0000000000000000E+000                  0.0000000000000000E+000                  2.2102260774130336E-001                  1.6634992436456497E+000                  2.2102257038781048E-001                 -3.6832176423808825E+001                 -6.8444305041022009E+000                  2.2102260774130336E-001                  1.6634992436456497E+000                  1.3312836648130769E-001                 -5.1600767667758063E-001                 -3.6832176423808825E+001                 -2.0000000000000000E+001                 -2.0000000000000000E+001                 -2.0000000000000000E+001                 -2.0000000000000000E+001                 -2.0000000000000000E+001                 -2.0000000000000000E+001                 -2.0000000000000000E+001                 -2.0000000000000000E+001                  1.0963828557483152E-002                  0.0000000000000000E+000                  0.0000000000000000E+000                  0.0000000000000000E+000                  0.0000000000000000E+000                  3.7769326078223577E+000                  2.2100716173300305E-001                  7.9291526086282926E-002                  4.2794845751305672E+000                  0.0000000000000000E+000                  1.7691170470390304E+001                  2.5980525122764968E+000                  7.2858353601880212E+000                  1.3175631900127214E+000                  5.0462599244250084E-001                  3.9315765991322755E+000                  9.3184535304823707E-003                  9.7671744005967664E-001                  3.9062905270796971E-005                  1.8155868662492899E-003                  2.3838810482634605E-003                  6.5489967737205656E-003                  6.3363493738847965E-001                  3.5143608985741182E-001                                        0                                        5 
